sampleId,R1,R2
CUB35DAY0A1,/ei/cb/development/lany/CB-GENANNO-525_Charlotte_Utting_EI_CU_ENQ-5286_A_01/Reads/CUB35DAY0_R0882-S0001_A68701_CUB35DAY0A1_H3VY5DRX2_TAAGGCGA-ATAGAGAG_L001_R1.fastq.gz,/ei/cb/development/lany/CB-GENANNO-525_Charlotte_Utting_EI_CU_ENQ-5286_A_01/Reads/CUB35DAY0_R0882-S0001_A68701_CUB35DAY0A1_H3VY5DRX2_TAAGGCGA-ATAGAGAG_L001_R2.fastq.gz
CUB35DAY0A10,/ei/cb/development/lany/CB-GENANNO-525_Charlotte_Utting_EI_CU_ENQ-5286_A_01/Reads/CUB35DAY0_R0882-S0001_A68701_CUB35DAY0A10_H3VY5DRX2_CGTACTAG-AGAGGATA_L001_R1.fastq.gz,/ei/cb/development/lany/CB-GENANNO-525_Charlotte_Utting_EI_CU_ENQ-5286_A_01/Reads/CUB35DAY0_R0882-S0001_A68701_CUB35DAY0A10_H3VY5DRX2_CGTACTAG-AGAGGATA_L001_R2.fastq.gz
CUB35DAY0A12,/ei/cb/development/lany/CB-GENANNO-525_Charlotte_Utting_EI_CU_ENQ-5286_A_01/Reads/CUB35DAY0_R0882-S0001_A68701_CUB35DAY0A12_H3VY5DRX2_CGTACTAG-TATGCAGT_L001_R1.fastq.gz,/ei/cb/development/lany/CB-GENANNO-525_Charlotte_Utting_EI_CU_ENQ-5286_A_01/Reads/CUB35DAY0_R0882-S0001_A68701_CUB35DAY0A12_H3VY5DRX2_CGTACTAG-TATGCAGT_L001_R2.fastq.gz
CUB35DAY0A2,/ei/cb/development/lany/CB-GENANNO-525_Charlotte_Utting_EI_CU_ENQ-5286_A_01/Reads/CUB35DAY0_R0882-S0001_A68701_CUB35DAY0A2_H3VY5DRX2_TAAGGCGA-AGAGGATA_L001_R1.fastq.gz,/ei/cb/development/lany/CB-GENANNO-525_Charlotte_Utting_EI_CU_ENQ-5286_A_01/Reads/CUB35DAY0_R0882-S0001_A68701_CUB35DAY0A2_H3VY5DRX2_TAAGGCGA-AGAGGATA_L001_R2.fastq.gz
CUB35DAY0A3,/ei/cb/development/lany/CB-GENANNO-525_Charlotte_Utting_EI_CU_ENQ-5286_A_01/Reads/CUB35DAY0_R0882-S0001_A68701_CUB35DAY0A3_H3VY5DRX2_TAAGGCGA-CTCCTTAC_L001_R1.fastq.gz,/ei/cb/development/lany/CB-GENANNO-525_Charlotte_Utting_EI_CU_ENQ-5286_A_01/Reads/CUB35DAY0_R0882-S0001_A68701_CUB35DAY0A3_H3VY5DRX2_TAAGGCGA-CTCCTTAC_L001_R2.fastq.gz
CUB35DAY0A4,/ei/cb/development/lany/CB-GENANNO-525_Charlotte_Utting_EI_CU_ENQ-5286_A_01/Reads/CUB35DAY0_R0882-S0001_A68701_CUB35DAY0A4_H3VY5DRX2_TAAGGCGA-TATGCAGT_L001_R1.fastq.gz,/ei/cb/development/lany/CB-GENANNO-525_Charlotte_Utting_EI_CU_ENQ-5286_A_01/Reads/CUB35DAY0_R0882-S0001_A68701_CUB35DAY0A4_H3VY5DRX2_TAAGGCGA-TATGCAGT_L001_R2.fastq.gz
CUB35DAY0A5,/ei/cb/development/lany/CB-GENANNO-525_Charlotte_Utting_EI_CU_ENQ-5286_A_01/Reads/CUB35DAY0_R0882-S0001_A68701_CUB35DAY0A5_H3VY5DRX2_TAAGGCGA-TACTCCTT_L001_R1.fastq.gz,/ei/cb/development/lany/CB-GENANNO-525_Charlotte_Utting_EI_CU_ENQ-5286_A_01/Reads/CUB35DAY0_R0882-S0001_A68701_CUB35DAY0A5_H3VY5DRX2_TAAGGCGA-TACTCCTT_L001_R2.fastq.gz
CUB35DAY0A6,/ei/cb/development/lany/CB-GENANNO-525_Charlotte_Utting_EI_CU_ENQ-5286_A_01/Reads/CUB35DAY0_R0882-S0001_A68701_CUB35DAY0A6_H3VY5DRX2_TAAGGCGA-AGGCTTAG_L001_R1.fastq.gz,/ei/cb/development/lany/CB-GENANNO-525_Charlotte_Utting_EI_CU_ENQ-5286_A_01/Reads/CUB35DAY0_R0882-S0001_A68701_CUB35DAY0A6_H3VY5DRX2_TAAGGCGA-AGGCTTAG_L001_R2.fastq.gz
CUB35DAY0A7,/ei/cb/development/lany/CB-GENANNO-525_Charlotte_Utting_EI_CU_ENQ-5286_A_01/Reads/CUB35DAY0_R0882-S0001_A68701_CUB35DAY0A7_H3VY5DRX2_TAAGGCGA-ATTAGACG_L001_R1.fastq.gz,/ei/cb/development/lany/CB-GENANNO-525_Charlotte_Utting_EI_CU_ENQ-5286_A_01/Reads/CUB35DAY0_R0882-S0001_A68701_CUB35DAY0A7_H3VY5DRX2_TAAGGCGA-ATTAGACG_L001_R2.fastq.gz
CUB35DAY0A8,/ei/cb/development/lany/CB-GENANNO-525_Charlotte_Utting_EI_CU_ENQ-5286_A_01/Reads/CUB35DAY0_R0882-S0001_A68701_CUB35DAY0A8_H3VY5DRX2_TAAGGCGA-CGGAGAGA_L001_R1.fastq.gz,/ei/cb/development/lany/CB-GENANNO-525_Charlotte_Utting_EI_CU_ENQ-5286_A_01/Reads/CUB35DAY0_R0882-S0001_A68701_CUB35DAY0A8_H3VY5DRX2_TAAGGCGA-CGGAGAGA_L001_R2.fastq.gz
CUB35DAY0A9,/ei/cb/development/lany/CB-GENANNO-525_Charlotte_Utting_EI_CU_ENQ-5286_A_01/Reads/CUB35DAY0_R0882-S0001_A68701_CUB35DAY0A9_H3VY5DRX2_CGTACTAG-ATAGAGAG_L001_R1.fastq.gz,/ei/cb/development/lany/CB-GENANNO-525_Charlotte_Utting_EI_CU_ENQ-5286_A_01/Reads/CUB35DAY0_R0882-S0001_A68701_CUB35DAY0A9_H3VY5DRX2_CGTACTAG-ATAGAGAG_L001_R2.fastq.gz
CUB35DAY0B1,/ei/cb/development/lany/CB-GENANNO-525_Charlotte_Utting_EI_CU_ENQ-5286_A_01/Reads/CUB35DAY0_R0882-S0001_A68701_CUB35DAY0B1_H3VY5DRX2_CGTACTAG-TACTCCTT_L001_R1.fastq.gz,/ei/cb/development/lany/CB-GENANNO-525_Charlotte_Utting_EI_CU_ENQ-5286_A_01/Reads/CUB35DAY0_R0882-S0001_A68701_CUB35DAY0B1_H3VY5DRX2_CGTACTAG-TACTCCTT_L001_R2.fastq.gz
CUB35DAY0B10,/ei/cb/development/lany/CB-GENANNO-525_Charlotte_Utting_EI_CU_ENQ-5286_A_01/Reads/CUB35DAY0_R0882-S0001_A68701_CUB35DAY0B10_H3VY5DRX2_AGGCAGAA-AGGCTTAG_L001_R1.fastq.gz,/ei/cb/development/lany/CB-GENANNO-525_Charlotte_Utting_EI_CU_ENQ-5286_A_01/Reads/CUB35DAY0_R0882-S0001_A68701_CUB35DAY0B10_H3VY5DRX2_AGGCAGAA-AGGCTTAG_L001_R2.fastq.gz
CUB35DAY0B11,/ei/cb/development/lany/CB-GENANNO-525_Charlotte_Utting_EI_CU_ENQ-5286_A_01/Reads/CUB35DAY0_R0882-S0001_A68701_CUB35DAY0B11_H3VY5DRX2_AGGCAGAA-ATTAGACG_L001_R1.fastq.gz,/ei/cb/development/lany/CB-GENANNO-525_Charlotte_Utting_EI_CU_ENQ-5286_A_01/Reads/CUB35DAY0_R0882-S0001_A68701_CUB35DAY0B11_H3VY5DRX2_AGGCAGAA-ATTAGACG_L001_R2.fastq.gz
CUB35DAY0B12,/ei/cb/development/lany/CB-GENANNO-525_Charlotte_Utting_EI_CU_ENQ-5286_A_01/Reads/CUB35DAY0_R0882-S0001_A68701_CUB35DAY0B12_H3VY5DRX2_AGGCAGAA-CGGAGAGA_L001_R1.fastq.gz,/ei/cb/development/lany/CB-GENANNO-525_Charlotte_Utting_EI_CU_ENQ-5286_A_01/Reads/CUB35DAY0_R0882-S0001_A68701_CUB35DAY0B12_H3VY5DRX2_AGGCAGAA-CGGAGAGA_L001_R2.fastq.gz
CUB35DAY0B2,/ei/cb/development/lany/CB-GENANNO-525_Charlotte_Utting_EI_CU_ENQ-5286_A_01/Reads/CUB35DAY0_R0882-S0001_A68701_CUB35DAY0B2_H3VY5DRX2_CGTACTAG-AGGCTTAG_L001_R1.fastq.gz,/ei/cb/development/lany/CB-GENANNO-525_Charlotte_Utting_EI_CU_ENQ-5286_A_01/Reads/CUB35DAY0_R0882-S0001_A68701_CUB35DAY0B2_H3VY5DRX2_CGTACTAG-AGGCTTAG_L001_R2.fastq.gz
CUB35DAY0B3,/ei/cb/development/lany/CB-GENANNO-525_Charlotte_Utting_EI_CU_ENQ-5286_A_01/Reads/CUB35DAY0_R0882-S0001_A68701_CUB35DAY0B3_H3VY5DRX2_CGTACTAG-ATTAGACG_L001_R1.fastq.gz,/ei/cb/development/lany/CB-GENANNO-525_Charlotte_Utting_EI_CU_ENQ-5286_A_01/Reads/CUB35DAY0_R0882-S0001_A68701_CUB35DAY0B3_H3VY5DRX2_CGTACTAG-ATTAGACG_L001_R2.fastq.gz
CUB35DAY0B4,/ei/cb/development/lany/CB-GENANNO-525_Charlotte_Utting_EI_CU_ENQ-5286_A_01/Reads/CUB35DAY0_R0882-S0001_A68701_CUB35DAY0B4_H3VY5DRX2_CGTACTAG-CGGAGAGA_L001_R1.fastq.gz,/ei/cb/development/lany/CB-GENANNO-525_Charlotte_Utting_EI_CU_ENQ-5286_A_01/Reads/CUB35DAY0_R0882-S0001_A68701_CUB35DAY0B4_H3VY5DRX2_CGTACTAG-CGGAGAGA_L001_R2.fastq.gz
CUB35DAY0B5,/ei/cb/development/lany/CB-GENANNO-525_Charlotte_Utting_EI_CU_ENQ-5286_A_01/Reads/CUB35DAY0_R0882-S0001_A68701_CUB35DAY0B5_H3VY5DRX2_AGGCAGAA-ATAGAGAG_L001_R1.fastq.gz,/ei/cb/development/lany/CB-GENANNO-525_Charlotte_Utting_EI_CU_ENQ-5286_A_01/Reads/CUB35DAY0_R0882-S0001_A68701_CUB35DAY0B5_H3VY5DRX2_AGGCAGAA-ATAGAGAG_L001_R2.fastq.gz
CUB35DAY0B6,/ei/cb/development/lany/CB-GENANNO-525_Charlotte_Utting_EI_CU_ENQ-5286_A_01/Reads/CUB35DAY0_R0882-S0001_A68701_CUB35DAY0B6_H3VY5DRX2_AGGCAGAA-AGAGGATA_L001_R1.fastq.gz,/ei/cb/development/lany/CB-GENANNO-525_Charlotte_Utting_EI_CU_ENQ-5286_A_01/Reads/CUB35DAY0_R0882-S0001_A68701_CUB35DAY0B6_H3VY5DRX2_AGGCAGAA-AGAGGATA_L001_R2.fastq.gz
CUB35DAY0B8,/ei/cb/development/lany/CB-GENANNO-525_Charlotte_Utting_EI_CU_ENQ-5286_A_01/Reads/CUB35DAY0_R0882-S0001_A68701_CUB35DAY0B8_H3VY5DRX2_AGGCAGAA-TATGCAGT_L001_R1.fastq.gz,/ei/cb/development/lany/CB-GENANNO-525_Charlotte_Utting_EI_CU_ENQ-5286_A_01/Reads/CUB35DAY0_R0882-S0001_A68701_CUB35DAY0B8_H3VY5DRX2_AGGCAGAA-TATGCAGT_L001_R2.fastq.gz
CUB35DAY0B9,/ei/cb/development/lany/CB-GENANNO-525_Charlotte_Utting_EI_CU_ENQ-5286_A_01/Reads/CUB35DAY0_R0882-S0001_A68701_CUB35DAY0B9_H3VY5DRX2_AGGCAGAA-TACTCCTT_L001_R1.fastq.gz,/ei/cb/development/lany/CB-GENANNO-525_Charlotte_Utting_EI_CU_ENQ-5286_A_01/Reads/CUB35DAY0_R0882-S0001_A68701_CUB35DAY0B9_H3VY5DRX2_AGGCAGAA-TACTCCTT_L001_R2.fastq.gz
CUB35DAY0C1,/ei/cb/development/lany/CB-GENANNO-525_Charlotte_Utting_EI_CU_ENQ-5286_A_01/Reads/CUB35DAY0_R0882-S0001_A68701_CUB35DAY0C1_H3VY5DRX2_TCCTGAGC-ATAGAGAG_L001_R1.fastq.gz,/ei/cb/development/lany/CB-GENANNO-525_Charlotte_Utting_EI_CU_ENQ-5286_A_01/Reads/CUB35DAY0_R0882-S0001_A68701_CUB35DAY0C1_H3VY5DRX2_TCCTGAGC-ATAGAGAG_L001_R2.fastq.gz
CUB35DAY0C10,/ei/cb/development/lany/CB-GENANNO-525_Charlotte_Utting_EI_CU_ENQ-5286_A_01/Reads/CUB35DAY0_R0882-S0001_A68701_CUB35DAY0C10_H3VY5DRX2_GGACTCCT-AGAGGATA_L001_R1.fastq.gz,/ei/cb/development/lany/CB-GENANNO-525_Charlotte_Utting_EI_CU_ENQ-5286_A_01/Reads/CUB35DAY0_R0882-S0001_A68701_CUB35DAY0C10_H3VY5DRX2_GGACTCCT-AGAGGATA_L001_R2.fastq.gz
CUB35DAY0C11,/ei/cb/development/lany/CB-GENANNO-525_Charlotte_Utting_EI_CU_ENQ-5286_A_01/Reads/CUB35DAY0_R0882-S0001_A68701_CUB35DAY0C11_H3VY5DRX2_GGACTCCT-CTCCTTAC_L001_R1.fastq.gz,/ei/cb/development/lany/CB-GENANNO-525_Charlotte_Utting_EI_CU_ENQ-5286_A_01/Reads/CUB35DAY0_R0882-S0001_A68701_CUB35DAY0C11_H3VY5DRX2_GGACTCCT-CTCCTTAC_L001_R2.fastq.gz
CUB35DAY0C12,/ei/cb/development/lany/CB-GENANNO-525_Charlotte_Utting_EI_CU_ENQ-5286_A_01/Reads/CUB35DAY0_R0882-S0001_A68701_CUB35DAY0C12_H3VY5DRX2_GGACTCCT-TATGCAGT_L001_R1.fastq.gz,/ei/cb/development/lany/CB-GENANNO-525_Charlotte_Utting_EI_CU_ENQ-5286_A_01/Reads/CUB35DAY0_R0882-S0001_A68701_CUB35DAY0C12_H3VY5DRX2_GGACTCCT-TATGCAGT_L001_R2.fastq.gz
CUB35DAY0C2,/ei/cb/development/lany/CB-GENANNO-525_Charlotte_Utting_EI_CU_ENQ-5286_A_01/Reads/CUB35DAY0_R0882-S0001_A68701_CUB35DAY0C2_H3VY5DRX2_TCCTGAGC-AGAGGATA_L001_R1.fastq.gz,/ei/cb/development/lany/CB-GENANNO-525_Charlotte_Utting_EI_CU_ENQ-5286_A_01/Reads/CUB35DAY0_R0882-S0001_A68701_CUB35DAY0C2_H3VY5DRX2_TCCTGAGC-AGAGGATA_L001_R2.fastq.gz
CUB35DAY0C4,/ei/cb/development/lany/CB-GENANNO-525_Charlotte_Utting_EI_CU_ENQ-5286_A_01/Reads/CUB35DAY0_R0882-S0001_A68701_CUB35DAY0C4_H3VY5DRX2_TCCTGAGC-TATGCAGT_L001_R1.fastq.gz,/ei/cb/development/lany/CB-GENANNO-525_Charlotte_Utting_EI_CU_ENQ-5286_A_01/Reads/CUB35DAY0_R0882-S0001_A68701_CUB35DAY0C4_H3VY5DRX2_TCCTGAGC-TATGCAGT_L001_R2.fastq.gz
CUB35DAY0C5,/ei/cb/development/lany/CB-GENANNO-525_Charlotte_Utting_EI_CU_ENQ-5286_A_01/Reads/CUB35DAY0_R0882-S0001_A68701_CUB35DAY0C5_H3VY5DRX2_TCCTGAGC-TACTCCTT_L001_R1.fastq.gz,/ei/cb/development/lany/CB-GENANNO-525_Charlotte_Utting_EI_CU_ENQ-5286_A_01/Reads/CUB35DAY0_R0882-S0001_A68701_CUB35DAY0C5_H3VY5DRX2_TCCTGAGC-TACTCCTT_L001_R2.fastq.gz
CUB35DAY0C6,/ei/cb/development/lany/CB-GENANNO-525_Charlotte_Utting_EI_CU_ENQ-5286_A_01/Reads/CUB35DAY0_R0882-S0001_A68701_CUB35DAY0C6_H3VY5DRX2_TCCTGAGC-AGGCTTAG_L001_R1.fastq.gz,/ei/cb/development/lany/CB-GENANNO-525_Charlotte_Utting_EI_CU_ENQ-5286_A_01/Reads/CUB35DAY0_R0882-S0001_A68701_CUB35DAY0C6_H3VY5DRX2_TCCTGAGC-AGGCTTAG_L001_R2.fastq.gz
CUB35DAY0C7,/ei/cb/development/lany/CB-GENANNO-525_Charlotte_Utting_EI_CU_ENQ-5286_A_01/Reads/CUB35DAY0_R0882-S0001_A68701_CUB35DAY0C7_H3VY5DRX2_TCCTGAGC-ATTAGACG_L001_R1.fastq.gz,/ei/cb/development/lany/CB-GENANNO-525_Charlotte_Utting_EI_CU_ENQ-5286_A_01/Reads/CUB35DAY0_R0882-S0001_A68701_CUB35DAY0C7_H3VY5DRX2_TCCTGAGC-ATTAGACG_L001_R2.fastq.gz
CUB35DAY0C8,/ei/cb/development/lany/CB-GENANNO-525_Charlotte_Utting_EI_CU_ENQ-5286_A_01/Reads/CUB35DAY0_R0882-S0001_A68701_CUB35DAY0C8_H3VY5DRX2_TCCTGAGC-CGGAGAGA_L001_R1.fastq.gz,/ei/cb/development/lany/CB-GENANNO-525_Charlotte_Utting_EI_CU_ENQ-5286_A_01/Reads/CUB35DAY0_R0882-S0001_A68701_CUB35DAY0C8_H3VY5DRX2_TCCTGAGC-CGGAGAGA_L001_R2.fastq.gz
CUB35DAY0C9,/ei/cb/development/lany/CB-GENANNO-525_Charlotte_Utting_EI_CU_ENQ-5286_A_01/Reads/CUB35DAY0_R0882-S0001_A68701_CUB35DAY0C9_H3VY5DRX2_GGACTCCT-ATAGAGAG_L001_R1.fastq.gz,/ei/cb/development/lany/CB-GENANNO-525_Charlotte_Utting_EI_CU_ENQ-5286_A_01/Reads/CUB35DAY0_R0882-S0001_A68701_CUB35DAY0C9_H3VY5DRX2_GGACTCCT-ATAGAGAG_L001_R2.fastq.gz
CUB35DAY0D1,/ei/cb/development/lany/CB-GENANNO-525_Charlotte_Utting_EI_CU_ENQ-5286_A_01/Reads/CUB35DAY0_R0882-S0001_A68701_CUB35DAY0D1_H3VY5DRX2_GGACTCCT-TACTCCTT_L001_R1.fastq.gz,/ei/cb/development/lany/CB-GENANNO-525_Charlotte_Utting_EI_CU_ENQ-5286_A_01/Reads/CUB35DAY0_R0882-S0001_A68701_CUB35DAY0D1_H3VY5DRX2_GGACTCCT-TACTCCTT_L001_R2.fastq.gz
CUB35DAY0D10,/ei/cb/development/lany/CB-GENANNO-525_Charlotte_Utting_EI_CU_ENQ-5286_A_01/Reads/CUB35DAY0_R0882-S0001_A68701_CUB35DAY0D10_H3VY5DRX2_TAGGCATG-AGGCTTAG_L001_R1.fastq.gz,/ei/cb/development/lany/CB-GENANNO-525_Charlotte_Utting_EI_CU_ENQ-5286_A_01/Reads/CUB35DAY0_R0882-S0001_A68701_CUB35DAY0D10_H3VY5DRX2_TAGGCATG-AGGCTTAG_L001_R2.fastq.gz
CUB35DAY0D11,/ei/cb/development/lany/CB-GENANNO-525_Charlotte_Utting_EI_CU_ENQ-5286_A_01/Reads/CUB35DAY0_R0882-S0001_A68701_CUB35DAY0D11_H3VY5DRX2_TAGGCATG-ATTAGACG_L001_R1.fastq.gz,/ei/cb/development/lany/CB-GENANNO-525_Charlotte_Utting_EI_CU_ENQ-5286_A_01/Reads/CUB35DAY0_R0882-S0001_A68701_CUB35DAY0D11_H3VY5DRX2_TAGGCATG-ATTAGACG_L001_R2.fastq.gz
CUB35DAY0D12,/ei/cb/development/lany/CB-GENANNO-525_Charlotte_Utting_EI_CU_ENQ-5286_A_01/Reads/CUB35DAY0_R0882-S0001_A68701_CUB35DAY0D12_H3VY5DRX2_TAGGCATG-CGGAGAGA_L001_R1.fastq.gz,/ei/cb/development/lany/CB-GENANNO-525_Charlotte_Utting_EI_CU_ENQ-5286_A_01/Reads/CUB35DAY0_R0882-S0001_A68701_CUB35DAY0D12_H3VY5DRX2_TAGGCATG-CGGAGAGA_L001_R2.fastq.gz
CUB35DAY0D2,/ei/cb/development/lany/CB-GENANNO-525_Charlotte_Utting_EI_CU_ENQ-5286_A_01/Reads/CUB35DAY0_R0882-S0001_A68701_CUB35DAY0D2_H3VY5DRX2_GGACTCCT-AGGCTTAG_L001_R1.fastq.gz,/ei/cb/development/lany/CB-GENANNO-525_Charlotte_Utting_EI_CU_ENQ-5286_A_01/Reads/CUB35DAY0_R0882-S0001_A68701_CUB35DAY0D2_H3VY5DRX2_GGACTCCT-AGGCTTAG_L001_R2.fastq.gz
CUB35DAY0D3,/ei/cb/development/lany/CB-GENANNO-525_Charlotte_Utting_EI_CU_ENQ-5286_A_01/Reads/CUB35DAY0_R0882-S0001_A68701_CUB35DAY0D3_H3VY5DRX2_GGACTCCT-ATTAGACG_L001_R1.fastq.gz,/ei/cb/development/lany/CB-GENANNO-525_Charlotte_Utting_EI_CU_ENQ-5286_A_01/Reads/CUB35DAY0_R0882-S0001_A68701_CUB35DAY0D3_H3VY5DRX2_GGACTCCT-ATTAGACG_L001_R2.fastq.gz
CUB35DAY0D4,/ei/cb/development/lany/CB-GENANNO-525_Charlotte_Utting_EI_CU_ENQ-5286_A_01/Reads/CUB35DAY0_R0882-S0001_A68701_CUB35DAY0D4_H3VY5DRX2_GGACTCCT-CGGAGAGA_L001_R1.fastq.gz,/ei/cb/development/lany/CB-GENANNO-525_Charlotte_Utting_EI_CU_ENQ-5286_A_01/Reads/CUB35DAY0_R0882-S0001_A68701_CUB35DAY0D4_H3VY5DRX2_GGACTCCT-CGGAGAGA_L001_R2.fastq.gz
CUB35DAY0D5,/ei/cb/development/lany/CB-GENANNO-525_Charlotte_Utting_EI_CU_ENQ-5286_A_01/Reads/CUB35DAY0_R0882-S0001_A68701_CUB35DAY0D5_H3VY5DRX2_TAGGCATG-ATAGAGAG_L001_R1.fastq.gz,/ei/cb/development/lany/CB-GENANNO-525_Charlotte_Utting_EI_CU_ENQ-5286_A_01/Reads/CUB35DAY0_R0882-S0001_A68701_CUB35DAY0D5_H3VY5DRX2_TAGGCATG-ATAGAGAG_L001_R2.fastq.gz
CUB35DAY0D6,/ei/cb/development/lany/CB-GENANNO-525_Charlotte_Utting_EI_CU_ENQ-5286_A_01/Reads/CUB35DAY0_R0882-S0001_A68701_CUB35DAY0D6_H3VY5DRX2_TAGGCATG-AGAGGATA_L001_R1.fastq.gz,/ei/cb/development/lany/CB-GENANNO-525_Charlotte_Utting_EI_CU_ENQ-5286_A_01/Reads/CUB35DAY0_R0882-S0001_A68701_CUB35DAY0D6_H3VY5DRX2_TAGGCATG-AGAGGATA_L001_R2.fastq.gz
CUB35DAY0D7,/ei/cb/development/lany/CB-GENANNO-525_Charlotte_Utting_EI_CU_ENQ-5286_A_01/Reads/CUB35DAY0_R0882-S0001_A68701_CUB35DAY0D7_H3VY5DRX2_TAGGCATG-CTCCTTAC_L001_R1.fastq.gz,/ei/cb/development/lany/CB-GENANNO-525_Charlotte_Utting_EI_CU_ENQ-5286_A_01/Reads/CUB35DAY0_R0882-S0001_A68701_CUB35DAY0D7_H3VY5DRX2_TAGGCATG-CTCCTTAC_L001_R2.fastq.gz
CUB35DAY0D8,/ei/cb/development/lany/CB-GENANNO-525_Charlotte_Utting_EI_CU_ENQ-5286_A_01/Reads/CUB35DAY0_R0882-S0001_A68701_CUB35DAY0D8_H3VY5DRX2_TAGGCATG-TATGCAGT_L001_R1.fastq.gz,/ei/cb/development/lany/CB-GENANNO-525_Charlotte_Utting_EI_CU_ENQ-5286_A_01/Reads/CUB35DAY0_R0882-S0001_A68701_CUB35DAY0D8_H3VY5DRX2_TAGGCATG-TATGCAGT_L001_R2.fastq.gz
CUB35DAY0D9,/ei/cb/development/lany/CB-GENANNO-525_Charlotte_Utting_EI_CU_ENQ-5286_A_01/Reads/CUB35DAY0_R0882-S0001_A68701_CUB35DAY0D9_H3VY5DRX2_TAGGCATG-TACTCCTT_L001_R1.fastq.gz,/ei/cb/development/lany/CB-GENANNO-525_Charlotte_Utting_EI_CU_ENQ-5286_A_01/Reads/CUB35DAY0_R0882-S0001_A68701_CUB35DAY0D9_H3VY5DRX2_TAGGCATG-TACTCCTT_L001_R2.fastq.gz
CUB35DAY0E1,/ei/cb/development/lany/CB-GENANNO-525_Charlotte_Utting_EI_CU_ENQ-5286_A_01/Reads/CUB35DAY0_R0882-S0001_A68701_CUB35DAY0E1_H3VY5DRX2_CTCTCTAC-ATAGAGAG_L001_R1.fastq.gz,/ei/cb/development/lany/CB-GENANNO-525_Charlotte_Utting_EI_CU_ENQ-5286_A_01/Reads/CUB35DAY0_R0882-S0001_A68701_CUB35DAY0E1_H3VY5DRX2_CTCTCTAC-ATAGAGAG_L001_R2.fastq.gz
CUB35DAY0E10,/ei/cb/development/lany/CB-GENANNO-525_Charlotte_Utting_EI_CU_ENQ-5286_A_01/Reads/CUB35DAY0_R0882-S0001_A68701_CUB35DAY0E10_H3VY5DRX2_CGAGGCTG-AGAGGATA_L001_R1.fastq.gz,/ei/cb/development/lany/CB-GENANNO-525_Charlotte_Utting_EI_CU_ENQ-5286_A_01/Reads/CUB35DAY0_R0882-S0001_A68701_CUB35DAY0E10_H3VY5DRX2_CGAGGCTG-AGAGGATA_L001_R2.fastq.gz
CUB35DAY0E11,/ei/cb/development/lany/CB-GENANNO-525_Charlotte_Utting_EI_CU_ENQ-5286_A_01/Reads/CUB35DAY0_R0882-S0001_A68701_CUB35DAY0E11_H3VY5DRX2_CGAGGCTG-CTCCTTAC_L001_R1.fastq.gz,/ei/cb/development/lany/CB-GENANNO-525_Charlotte_Utting_EI_CU_ENQ-5286_A_01/Reads/CUB35DAY0_R0882-S0001_A68701_CUB35DAY0E11_H3VY5DRX2_CGAGGCTG-CTCCTTAC_L001_R2.fastq.gz
CUB35DAY0E12,/ei/cb/development/lany/CB-GENANNO-525_Charlotte_Utting_EI_CU_ENQ-5286_A_01/Reads/CUB35DAY0_R0882-S0001_A68701_CUB35DAY0E12_H3VY5DRX2_CGAGGCTG-TATGCAGT_L001_R1.fastq.gz,/ei/cb/development/lany/CB-GENANNO-525_Charlotte_Utting_EI_CU_ENQ-5286_A_01/Reads/CUB35DAY0_R0882-S0001_A68701_CUB35DAY0E12_H3VY5DRX2_CGAGGCTG-TATGCAGT_L001_R2.fastq.gz
CUB35DAY0E2,/ei/cb/development/lany/CB-GENANNO-525_Charlotte_Utting_EI_CU_ENQ-5286_A_01/Reads/CUB35DAY0_R0882-S0001_A68701_CUB35DAY0E2_H3VY5DRX2_CTCTCTAC-AGAGGATA_L001_R1.fastq.gz,/ei/cb/development/lany/CB-GENANNO-525_Charlotte_Utting_EI_CU_ENQ-5286_A_01/Reads/CUB35DAY0_R0882-S0001_A68701_CUB35DAY0E2_H3VY5DRX2_CTCTCTAC-AGAGGATA_L001_R2.fastq.gz
CUB35DAY0E3,/ei/cb/development/lany/CB-GENANNO-525_Charlotte_Utting_EI_CU_ENQ-5286_A_01/Reads/CUB35DAY0_R0882-S0001_A68701_CUB35DAY0E3_H3VY5DRX2_CTCTCTAC-CTCCTTAC_L001_R1.fastq.gz,/ei/cb/development/lany/CB-GENANNO-525_Charlotte_Utting_EI_CU_ENQ-5286_A_01/Reads/CUB35DAY0_R0882-S0001_A68701_CUB35DAY0E3_H3VY5DRX2_CTCTCTAC-CTCCTTAC_L001_R2.fastq.gz
CUB35DAY0E4,/ei/cb/development/lany/CB-GENANNO-525_Charlotte_Utting_EI_CU_ENQ-5286_A_01/Reads/CUB35DAY0_R0882-S0001_A68701_CUB35DAY0E4_H3VY5DRX2_CTCTCTAC-TATGCAGT_L001_R1.fastq.gz,/ei/cb/development/lany/CB-GENANNO-525_Charlotte_Utting_EI_CU_ENQ-5286_A_01/Reads/CUB35DAY0_R0882-S0001_A68701_CUB35DAY0E4_H3VY5DRX2_CTCTCTAC-TATGCAGT_L001_R2.fastq.gz
CUB35DAY0E5,/ei/cb/development/lany/CB-GENANNO-525_Charlotte_Utting_EI_CU_ENQ-5286_A_01/Reads/CUB35DAY0_R0882-S0001_A68701_CUB35DAY0E5_H3VY5DRX2_CTCTCTAC-TACTCCTT_L001_R1.fastq.gz,/ei/cb/development/lany/CB-GENANNO-525_Charlotte_Utting_EI_CU_ENQ-5286_A_01/Reads/CUB35DAY0_R0882-S0001_A68701_CUB35DAY0E5_H3VY5DRX2_CTCTCTAC-TACTCCTT_L001_R2.fastq.gz
CUB35DAY0E6,/ei/cb/development/lany/CB-GENANNO-525_Charlotte_Utting_EI_CU_ENQ-5286_A_01/Reads/CUB35DAY0_R0882-S0001_A68701_CUB35DAY0E6_H3VY5DRX2_CTCTCTAC-AGGCTTAG_L001_R1.fastq.gz,/ei/cb/development/lany/CB-GENANNO-525_Charlotte_Utting_EI_CU_ENQ-5286_A_01/Reads/CUB35DAY0_R0882-S0001_A68701_CUB35DAY0E6_H3VY5DRX2_CTCTCTAC-AGGCTTAG_L001_R2.fastq.gz
CUB35DAY0E7,/ei/cb/development/lany/CB-GENANNO-525_Charlotte_Utting_EI_CU_ENQ-5286_A_01/Reads/CUB35DAY0_R0882-S0001_A68701_CUB35DAY0E7_H3VY5DRX2_CTCTCTAC-ATTAGACG_L001_R1.fastq.gz,/ei/cb/development/lany/CB-GENANNO-525_Charlotte_Utting_EI_CU_ENQ-5286_A_01/Reads/CUB35DAY0_R0882-S0001_A68701_CUB35DAY0E7_H3VY5DRX2_CTCTCTAC-ATTAGACG_L001_R2.fastq.gz
CUB35DAY0E8,/ei/cb/development/lany/CB-GENANNO-525_Charlotte_Utting_EI_CU_ENQ-5286_A_01/Reads/CUB35DAY0_R0882-S0001_A68701_CUB35DAY0E8_H3VY5DRX2_CTCTCTAC-CGGAGAGA_L001_R1.fastq.gz,/ei/cb/development/lany/CB-GENANNO-525_Charlotte_Utting_EI_CU_ENQ-5286_A_01/Reads/CUB35DAY0_R0882-S0001_A68701_CUB35DAY0E8_H3VY5DRX2_CTCTCTAC-CGGAGAGA_L001_R2.fastq.gz
CUB35DAY0E9,/ei/cb/development/lany/CB-GENANNO-525_Charlotte_Utting_EI_CU_ENQ-5286_A_01/Reads/CUB35DAY0_R0882-S0001_A68701_CUB35DAY0E9_H3VY5DRX2_CGAGGCTG-ATAGAGAG_L001_R1.fastq.gz,/ei/cb/development/lany/CB-GENANNO-525_Charlotte_Utting_EI_CU_ENQ-5286_A_01/Reads/CUB35DAY0_R0882-S0001_A68701_CUB35DAY0E9_H3VY5DRX2_CGAGGCTG-ATAGAGAG_L001_R2.fastq.gz
CUB35DAY0F1,/ei/cb/development/lany/CB-GENANNO-525_Charlotte_Utting_EI_CU_ENQ-5286_A_01/Reads/CUB35DAY0_R0882-S0001_A68701_CUB35DAY0F1_H3VY5DRX2_CGAGGCTG-TACTCCTT_L001_R1.fastq.gz,/ei/cb/development/lany/CB-GENANNO-525_Charlotte_Utting_EI_CU_ENQ-5286_A_01/Reads/CUB35DAY0_R0882-S0001_A68701_CUB35DAY0F1_H3VY5DRX2_CGAGGCTG-TACTCCTT_L001_R2.fastq.gz
CUB35DAY0F10,/ei/cb/development/lany/CB-GENANNO-525_Charlotte_Utting_EI_CU_ENQ-5286_A_01/Reads/CUB35DAY0_R0882-S0001_A68701_CUB35DAY0F10_H3VY5DRX2_AAGAGGCA-AGGCTTAG_L001_R1.fastq.gz,/ei/cb/development/lany/CB-GENANNO-525_Charlotte_Utting_EI_CU_ENQ-5286_A_01/Reads/CUB35DAY0_R0882-S0001_A68701_CUB35DAY0F10_H3VY5DRX2_AAGAGGCA-AGGCTTAG_L001_R2.fastq.gz
CUB35DAY0F11,/ei/cb/development/lany/CB-GENANNO-525_Charlotte_Utting_EI_CU_ENQ-5286_A_01/Reads/CUB35DAY0_R0882-S0001_A68701_CUB35DAY0F11_H3VY5DRX2_AAGAGGCA-ATTAGACG_L001_R1.fastq.gz,/ei/cb/development/lany/CB-GENANNO-525_Charlotte_Utting_EI_CU_ENQ-5286_A_01/Reads/CUB35DAY0_R0882-S0001_A68701_CUB35DAY0F11_H3VY5DRX2_AAGAGGCA-ATTAGACG_L001_R2.fastq.gz
CUB35DAY0F12,/ei/cb/development/lany/CB-GENANNO-525_Charlotte_Utting_EI_CU_ENQ-5286_A_01/Reads/CUB35DAY0_R0882-S0001_A68701_CUB35DAY0F12_H3VY5DRX2_AAGAGGCA-CGGAGAGA_L001_R1.fastq.gz,/ei/cb/development/lany/CB-GENANNO-525_Charlotte_Utting_EI_CU_ENQ-5286_A_01/Reads/CUB35DAY0_R0882-S0001_A68701_CUB35DAY0F12_H3VY5DRX2_AAGAGGCA-CGGAGAGA_L001_R2.fastq.gz
CUB35DAY0F2,/ei/cb/development/lany/CB-GENANNO-525_Charlotte_Utting_EI_CU_ENQ-5286_A_01/Reads/CUB35DAY0_R0882-S0001_A68701_CUB35DAY0F2_H3VY5DRX2_CGAGGCTG-AGGCTTAG_L001_R1.fastq.gz,/ei/cb/development/lany/CB-GENANNO-525_Charlotte_Utting_EI_CU_ENQ-5286_A_01/Reads/CUB35DAY0_R0882-S0001_A68701_CUB35DAY0F2_H3VY5DRX2_CGAGGCTG-AGGCTTAG_L001_R2.fastq.gz
CUB35DAY0F3,/ei/cb/development/lany/CB-GENANNO-525_Charlotte_Utting_EI_CU_ENQ-5286_A_01/Reads/CUB35DAY0_R0882-S0001_A68701_CUB35DAY0F3_H3VY5DRX2_CGAGGCTG-ATTAGACG_L001_R1.fastq.gz,/ei/cb/development/lany/CB-GENANNO-525_Charlotte_Utting_EI_CU_ENQ-5286_A_01/Reads/CUB35DAY0_R0882-S0001_A68701_CUB35DAY0F3_H3VY5DRX2_CGAGGCTG-ATTAGACG_L001_R2.fastq.gz
CUB35DAY0F4,/ei/cb/development/lany/CB-GENANNO-525_Charlotte_Utting_EI_CU_ENQ-5286_A_01/Reads/CUB35DAY0_R0882-S0001_A68701_CUB35DAY0F4_H3VY5DRX2_CGAGGCTG-CGGAGAGA_L001_R1.fastq.gz,/ei/cb/development/lany/CB-GENANNO-525_Charlotte_Utting_EI_CU_ENQ-5286_A_01/Reads/CUB35DAY0_R0882-S0001_A68701_CUB35DAY0F4_H3VY5DRX2_CGAGGCTG-CGGAGAGA_L001_R2.fastq.gz
CUB35DAY0F5,/ei/cb/development/lany/CB-GENANNO-525_Charlotte_Utting_EI_CU_ENQ-5286_A_01/Reads/CUB35DAY0_R0882-S0001_A68701_CUB35DAY0F5_H3VY5DRX2_AAGAGGCA-ATAGAGAG_L001_R1.fastq.gz,/ei/cb/development/lany/CB-GENANNO-525_Charlotte_Utting_EI_CU_ENQ-5286_A_01/Reads/CUB35DAY0_R0882-S0001_A68701_CUB35DAY0F5_H3VY5DRX2_AAGAGGCA-ATAGAGAG_L001_R2.fastq.gz
CUB35DAY0F6,/ei/cb/development/lany/CB-GENANNO-525_Charlotte_Utting_EI_CU_ENQ-5286_A_01/Reads/CUB35DAY0_R0882-S0001_A68701_CUB35DAY0F6_H3VY5DRX2_AAGAGGCA-AGAGGATA_L001_R1.fastq.gz,/ei/cb/development/lany/CB-GENANNO-525_Charlotte_Utting_EI_CU_ENQ-5286_A_01/Reads/CUB35DAY0_R0882-S0001_A68701_CUB35DAY0F6_H3VY5DRX2_AAGAGGCA-AGAGGATA_L001_R2.fastq.gz
CUB35DAY0F7,/ei/cb/development/lany/CB-GENANNO-525_Charlotte_Utting_EI_CU_ENQ-5286_A_01/Reads/CUB35DAY0_R0882-S0001_A68701_CUB35DAY0F7_H3VY5DRX2_AAGAGGCA-CTCCTTAC_L001_R1.fastq.gz,/ei/cb/development/lany/CB-GENANNO-525_Charlotte_Utting_EI_CU_ENQ-5286_A_01/Reads/CUB35DAY0_R0882-S0001_A68701_CUB35DAY0F7_H3VY5DRX2_AAGAGGCA-CTCCTTAC_L001_R2.fastq.gz
CUB35DAY0F8,/ei/cb/development/lany/CB-GENANNO-525_Charlotte_Utting_EI_CU_ENQ-5286_A_01/Reads/CUB35DAY0_R0882-S0001_A68701_CUB35DAY0F8_H3VY5DRX2_AAGAGGCA-TATGCAGT_L001_R1.fastq.gz,/ei/cb/development/lany/CB-GENANNO-525_Charlotte_Utting_EI_CU_ENQ-5286_A_01/Reads/CUB35DAY0_R0882-S0001_A68701_CUB35DAY0F8_H3VY5DRX2_AAGAGGCA-TATGCAGT_L001_R2.fastq.gz
CUB35DAY0F9,/ei/cb/development/lany/CB-GENANNO-525_Charlotte_Utting_EI_CU_ENQ-5286_A_01/Reads/CUB35DAY0_R0882-S0001_A68701_CUB35DAY0F9_H3VY5DRX2_AAGAGGCA-TACTCCTT_L001_R1.fastq.gz,/ei/cb/development/lany/CB-GENANNO-525_Charlotte_Utting_EI_CU_ENQ-5286_A_01/Reads/CUB35DAY0_R0882-S0001_A68701_CUB35DAY0F9_H3VY5DRX2_AAGAGGCA-TACTCCTT_L001_R2.fastq.gz
CUB35DAY0G1,/ei/cb/development/lany/CB-GENANNO-525_Charlotte_Utting_EI_CU_ENQ-5286_A_01/Reads/CUB35DAY0_R0882-S0001_A68701_CUB35DAY0G1_H3VY5DRX2_GTAGAGGA-ATAGAGAG_L001_R1.fastq.gz,/ei/cb/development/lany/CB-GENANNO-525_Charlotte_Utting_EI_CU_ENQ-5286_A_01/Reads/CUB35DAY0_R0882-S0001_A68701_CUB35DAY0G1_H3VY5DRX2_GTAGAGGA-ATAGAGAG_L001_R2.fastq.gz
CUB35DAY0G10,/ei/cb/development/lany/CB-GENANNO-525_Charlotte_Utting_EI_CU_ENQ-5286_A_01/Reads/CUB35DAY0_R0882-S0001_A68701_CUB35DAY0G10_H3VY5DRX2_GCTCATGA-AGAGGATA_L001_R1.fastq.gz,/ei/cb/development/lany/CB-GENANNO-525_Charlotte_Utting_EI_CU_ENQ-5286_A_01/Reads/CUB35DAY0_R0882-S0001_A68701_CUB35DAY0G10_H3VY5DRX2_GCTCATGA-AGAGGATA_L001_R2.fastq.gz
CUB35DAY0G11,/ei/cb/development/lany/CB-GENANNO-525_Charlotte_Utting_EI_CU_ENQ-5286_A_01/Reads/CUB35DAY0_R0882-S0001_A68701_CUB35DAY0G11_H3VY5DRX2_GCTCATGA-CTCCTTAC_L001_R1.fastq.gz,/ei/cb/development/lany/CB-GENANNO-525_Charlotte_Utting_EI_CU_ENQ-5286_A_01/Reads/CUB35DAY0_R0882-S0001_A68701_CUB35DAY0G11_H3VY5DRX2_GCTCATGA-CTCCTTAC_L001_R2.fastq.gz
CUB35DAY0G12,/ei/cb/development/lany/CB-GENANNO-525_Charlotte_Utting_EI_CU_ENQ-5286_A_01/Reads/CUB35DAY0_R0882-S0001_A68701_CUB35DAY0G12_H3VY5DRX2_GCTCATGA-TATGCAGT_L001_R1.fastq.gz,/ei/cb/development/lany/CB-GENANNO-525_Charlotte_Utting_EI_CU_ENQ-5286_A_01/Reads/CUB35DAY0_R0882-S0001_A68701_CUB35DAY0G12_H3VY5DRX2_GCTCATGA-TATGCAGT_L001_R2.fastq.gz
CUB35DAY0G2,/ei/cb/development/lany/CB-GENANNO-525_Charlotte_Utting_EI_CU_ENQ-5286_A_01/Reads/CUB35DAY0_R0882-S0001_A68701_CUB35DAY0G2_H3VY5DRX2_GTAGAGGA-AGAGGATA_L001_R1.fastq.gz,/ei/cb/development/lany/CB-GENANNO-525_Charlotte_Utting_EI_CU_ENQ-5286_A_01/Reads/CUB35DAY0_R0882-S0001_A68701_CUB35DAY0G2_H3VY5DRX2_GTAGAGGA-AGAGGATA_L001_R2.fastq.gz
CUB35DAY0G3,/ei/cb/development/lany/CB-GENANNO-525_Charlotte_Utting_EI_CU_ENQ-5286_A_01/Reads/CUB35DAY0_R0882-S0001_A68701_CUB35DAY0G3_H3VY5DRX2_GTAGAGGA-CTCCTTAC_L001_R1.fastq.gz,/ei/cb/development/lany/CB-GENANNO-525_Charlotte_Utting_EI_CU_ENQ-5286_A_01/Reads/CUB35DAY0_R0882-S0001_A68701_CUB35DAY0G3_H3VY5DRX2_GTAGAGGA-CTCCTTAC_L001_R2.fastq.gz
CUB35DAY0G4,/ei/cb/development/lany/CB-GENANNO-525_Charlotte_Utting_EI_CU_ENQ-5286_A_01/Reads/CUB35DAY0_R0882-S0001_A68701_CUB35DAY0G4_H3VY5DRX2_GTAGAGGA-TATGCAGT_L001_R1.fastq.gz,/ei/cb/development/lany/CB-GENANNO-525_Charlotte_Utting_EI_CU_ENQ-5286_A_01/Reads/CUB35DAY0_R0882-S0001_A68701_CUB35DAY0G4_H3VY5DRX2_GTAGAGGA-TATGCAGT_L001_R2.fastq.gz
CUB35DAY0G5,/ei/cb/development/lany/CB-GENANNO-525_Charlotte_Utting_EI_CU_ENQ-5286_A_01/Reads/CUB35DAY0_R0882-S0001_A68701_CUB35DAY0G5_H3VY5DRX2_GTAGAGGA-TACTCCTT_L001_R1.fastq.gz,/ei/cb/development/lany/CB-GENANNO-525_Charlotte_Utting_EI_CU_ENQ-5286_A_01/Reads/CUB35DAY0_R0882-S0001_A68701_CUB35DAY0G5_H3VY5DRX2_GTAGAGGA-TACTCCTT_L001_R2.fastq.gz
CUB35DAY0G6,/ei/cb/development/lany/CB-GENANNO-525_Charlotte_Utting_EI_CU_ENQ-5286_A_01/Reads/CUB35DAY0_R0882-S0001_A68701_CUB35DAY0G6_H3VY5DRX2_GTAGAGGA-AGGCTTAG_L001_R1.fastq.gz,/ei/cb/development/lany/CB-GENANNO-525_Charlotte_Utting_EI_CU_ENQ-5286_A_01/Reads/CUB35DAY0_R0882-S0001_A68701_CUB35DAY0G6_H3VY5DRX2_GTAGAGGA-AGGCTTAG_L001_R2.fastq.gz
CUB35DAY0G7,/ei/cb/development/lany/CB-GENANNO-525_Charlotte_Utting_EI_CU_ENQ-5286_A_01/Reads/CUB35DAY0_R0882-S0001_A68701_CUB35DAY0G7_H3VY5DRX2_GTAGAGGA-ATTAGACG_L001_R1.fastq.gz,/ei/cb/development/lany/CB-GENANNO-525_Charlotte_Utting_EI_CU_ENQ-5286_A_01/Reads/CUB35DAY0_R0882-S0001_A68701_CUB35DAY0G7_H3VY5DRX2_GTAGAGGA-ATTAGACG_L001_R2.fastq.gz
CUB35DAY0G8,/ei/cb/development/lany/CB-GENANNO-525_Charlotte_Utting_EI_CU_ENQ-5286_A_01/Reads/CUB35DAY0_R0882-S0001_A68701_CUB35DAY0G8_H3VY5DRX2_GTAGAGGA-CGGAGAGA_L001_R1.fastq.gz,/ei/cb/development/lany/CB-GENANNO-525_Charlotte_Utting_EI_CU_ENQ-5286_A_01/Reads/CUB35DAY0_R0882-S0001_A68701_CUB35DAY0G8_H3VY5DRX2_GTAGAGGA-CGGAGAGA_L001_R2.fastq.gz
CUB35DAY0G9,/ei/cb/development/lany/CB-GENANNO-525_Charlotte_Utting_EI_CU_ENQ-5286_A_01/Reads/CUB35DAY0_R0882-S0001_A68701_CUB35DAY0G9_H3VY5DRX2_GCTCATGA-ATAGAGAG_L001_R1.fastq.gz,/ei/cb/development/lany/CB-GENANNO-525_Charlotte_Utting_EI_CU_ENQ-5286_A_01/Reads/CUB35DAY0_R0882-S0001_A68701_CUB35DAY0G9_H3VY5DRX2_GCTCATGA-ATAGAGAG_L001_R2.fastq.gz
CUB35DAY0H1,/ei/cb/development/lany/CB-GENANNO-525_Charlotte_Utting_EI_CU_ENQ-5286_A_01/Reads/CUB35DAY0_R0882-S0001_A68701_CUB35DAY0H1_H3VY5DRX2_GCTCATGA-TACTCCTT_L001_R1.fastq.gz,/ei/cb/development/lany/CB-GENANNO-525_Charlotte_Utting_EI_CU_ENQ-5286_A_01/Reads/CUB35DAY0_R0882-S0001_A68701_CUB35DAY0H1_H3VY5DRX2_GCTCATGA-TACTCCTT_L001_R2.fastq.gz
CUB35DAY0H10,/ei/cb/development/lany/CB-GENANNO-525_Charlotte_Utting_EI_CU_ENQ-5286_A_01/Reads/CUB35DAY0_R0882-S0001_A68701_CUB35DAY0H10_H3VY5DRX2_ATCTCAGG-AGGCTTAG_L001_R1.fastq.gz,/ei/cb/development/lany/CB-GENANNO-525_Charlotte_Utting_EI_CU_ENQ-5286_A_01/Reads/CUB35DAY0_R0882-S0001_A68701_CUB35DAY0H10_H3VY5DRX2_ATCTCAGG-AGGCTTAG_L001_R2.fastq.gz
CUB35DAY0H11,/ei/cb/development/lany/CB-GENANNO-525_Charlotte_Utting_EI_CU_ENQ-5286_A_01/Reads/CUB35DAY0_R0882-S0001_A68701_CUB35DAY0H11_H3VY5DRX2_ATCTCAGG-ATTAGACG_L001_R1.fastq.gz,/ei/cb/development/lany/CB-GENANNO-525_Charlotte_Utting_EI_CU_ENQ-5286_A_01/Reads/CUB35DAY0_R0882-S0001_A68701_CUB35DAY0H11_H3VY5DRX2_ATCTCAGG-ATTAGACG_L001_R2.fastq.gz
CUB35DAY0H12,/ei/cb/development/lany/CB-GENANNO-525_Charlotte_Utting_EI_CU_ENQ-5286_A_01/Reads/CUB35DAY0_R0882-S0001_A68701_CUB35DAY0H12_H3VY5DRX2_ATCTCAGG-CGGAGAGA_L001_R1.fastq.gz,/ei/cb/development/lany/CB-GENANNO-525_Charlotte_Utting_EI_CU_ENQ-5286_A_01/Reads/CUB35DAY0_R0882-S0001_A68701_CUB35DAY0H12_H3VY5DRX2_ATCTCAGG-CGGAGAGA_L001_R2.fastq.gz
CUB35DAY0H2,/ei/cb/development/lany/CB-GENANNO-525_Charlotte_Utting_EI_CU_ENQ-5286_A_01/Reads/CUB35DAY0_R0882-S0001_A68701_CUB35DAY0H2_H3VY5DRX2_GCTCATGA-AGGCTTAG_L001_R1.fastq.gz,/ei/cb/development/lany/CB-GENANNO-525_Charlotte_Utting_EI_CU_ENQ-5286_A_01/Reads/CUB35DAY0_R0882-S0001_A68701_CUB35DAY0H2_H3VY5DRX2_GCTCATGA-AGGCTTAG_L001_R2.fastq.gz
CUB35DAY0H3,/ei/cb/development/lany/CB-GENANNO-525_Charlotte_Utting_EI_CU_ENQ-5286_A_01/Reads/CUB35DAY0_R0882-S0001_A68701_CUB35DAY0H3_H3VY5DRX2_GCTCATGA-ATTAGACG_L001_R1.fastq.gz,/ei/cb/development/lany/CB-GENANNO-525_Charlotte_Utting_EI_CU_ENQ-5286_A_01/Reads/CUB35DAY0_R0882-S0001_A68701_CUB35DAY0H3_H3VY5DRX2_GCTCATGA-ATTAGACG_L001_R2.fastq.gz
CUB35DAY0H4,/ei/cb/development/lany/CB-GENANNO-525_Charlotte_Utting_EI_CU_ENQ-5286_A_01/Reads/CUB35DAY0_R0882-S0001_A68701_CUB35DAY0H4_H3VY5DRX2_GCTCATGA-CGGAGAGA_L001_R1.fastq.gz,/ei/cb/development/lany/CB-GENANNO-525_Charlotte_Utting_EI_CU_ENQ-5286_A_01/Reads/CUB35DAY0_R0882-S0001_A68701_CUB35DAY0H4_H3VY5DRX2_GCTCATGA-CGGAGAGA_L001_R2.fastq.gz
CUB35DAY0H5,/ei/cb/development/lany/CB-GENANNO-525_Charlotte_Utting_EI_CU_ENQ-5286_A_01/Reads/CUB35DAY0_R0882-S0001_A68701_CUB35DAY0H5_H3VY5DRX2_ATCTCAGG-ATAGAGAG_L001_R1.fastq.gz,/ei/cb/development/lany/CB-GENANNO-525_Charlotte_Utting_EI_CU_ENQ-5286_A_01/Reads/CUB35DAY0_R0882-S0001_A68701_CUB35DAY0H5_H3VY5DRX2_ATCTCAGG-ATAGAGAG_L001_R2.fastq.gz
CUB35DAY0H6,/ei/cb/development/lany/CB-GENANNO-525_Charlotte_Utting_EI_CU_ENQ-5286_A_01/Reads/CUB35DAY0_R0882-S0001_A68701_CUB35DAY0H6_H3VY5DRX2_ATCTCAGG-AGAGGATA_L001_R1.fastq.gz,/ei/cb/development/lany/CB-GENANNO-525_Charlotte_Utting_EI_CU_ENQ-5286_A_01/Reads/CUB35DAY0_R0882-S0001_A68701_CUB35DAY0H6_H3VY5DRX2_ATCTCAGG-AGAGGATA_L001_R2.fastq.gz
CUB35DAY0H7,/ei/cb/development/lany/CB-GENANNO-525_Charlotte_Utting_EI_CU_ENQ-5286_A_01/Reads/CUB35DAY0_R0882-S0001_A68701_CUB35DAY0H7_H3VY5DRX2_ATCTCAGG-CTCCTTAC_L001_R1.fastq.gz,/ei/cb/development/lany/CB-GENANNO-525_Charlotte_Utting_EI_CU_ENQ-5286_A_01/Reads/CUB35DAY0_R0882-S0001_A68701_CUB35DAY0H7_H3VY5DRX2_ATCTCAGG-CTCCTTAC_L001_R2.fastq.gz
CUB35DAY0H8,/ei/cb/development/lany/CB-GENANNO-525_Charlotte_Utting_EI_CU_ENQ-5286_A_01/Reads/CUB35DAY0_R0882-S0001_A68701_CUB35DAY0H8_H3VY5DRX2_ATCTCAGG-TATGCAGT_L001_R1.fastq.gz,/ei/cb/development/lany/CB-GENANNO-525_Charlotte_Utting_EI_CU_ENQ-5286_A_01/Reads/CUB35DAY0_R0882-S0001_A68701_CUB35DAY0H8_H3VY5DRX2_ATCTCAGG-TATGCAGT_L001_R2.fastq.gz
CUB35DAY0H9,/ei/cb/development/lany/CB-GENANNO-525_Charlotte_Utting_EI_CU_ENQ-5286_A_01/Reads/CUB35DAY0_R0882-S0001_A68701_CUB35DAY0H9_H3VY5DRX2_ATCTCAGG-TACTCCTT_L001_R1.fastq.gz,/ei/cb/development/lany/CB-GENANNO-525_Charlotte_Utting_EI_CU_ENQ-5286_A_01/Reads/CUB35DAY0_R0882-S0001_A68701_CUB35DAY0H9_H3VY5DRX2_ATCTCAGG-TACTCCTT_L001_R2.fastq.gz
CUB35DAY7A1,/ei/cb/development/lany/CB-GENANNO-525_Charlotte_Utting_EI_CU_ENQ-5286_A_01/Reads/CUB35DAY7_R0882-S0001_A68701_CUB35DAY7A1_H3VY5DRX2_TAAGGCGA-CTAGTCGA_L001_R1.fastq.gz,/ei/cb/development/lany/CB-GENANNO-525_Charlotte_Utting_EI_CU_ENQ-5286_A_01/Reads/CUB35DAY7_R0882-S0001_A68701_CUB35DAY7A1_H3VY5DRX2_TAAGGCGA-CTAGTCGA_L001_R2.fastq.gz
CUB35DAY7A10,/ei/cb/development/lany/CB-GENANNO-525_Charlotte_Utting_EI_CU_ENQ-5286_A_01/Reads/CUB35DAY7_R0882-S0001_A68701_CUB35DAY7A10_H3VY5DRX2_CGTACTAG-AGCTAGAA_L001_R1.fastq.gz,/ei/cb/development/lany/CB-GENANNO-525_Charlotte_Utting_EI_CU_ENQ-5286_A_01/Reads/CUB35DAY7_R0882-S0001_A68701_CUB35DAY7A10_H3VY5DRX2_CGTACTAG-AGCTAGAA_L001_R2.fastq.gz
CUB35DAY7A11,/ei/cb/development/lany/CB-GENANNO-525_Charlotte_Utting_EI_CU_ENQ-5286_A_01/Reads/CUB35DAY7_R0882-S0001_A68701_CUB35DAY7A11_H3VY5DRX2_CGTACTAG-ACTCTAGG_L001_R1.fastq.gz,/ei/cb/development/lany/CB-GENANNO-525_Charlotte_Utting_EI_CU_ENQ-5286_A_01/Reads/CUB35DAY7_R0882-S0001_A68701_CUB35DAY7A11_H3VY5DRX2_CGTACTAG-ACTCTAGG_L001_R2.fastq.gz
CUB35DAY7A12,/ei/cb/development/lany/CB-GENANNO-525_Charlotte_Utting_EI_CU_ENQ-5286_A_01/Reads/CUB35DAY7_R0882-S0001_A68701_CUB35DAY7A12_H3VY5DRX2_CGTACTAG-TCTTACGC_L001_R1.fastq.gz,/ei/cb/development/lany/CB-GENANNO-525_Charlotte_Utting_EI_CU_ENQ-5286_A_01/Reads/CUB35DAY7_R0882-S0001_A68701_CUB35DAY7A12_H3VY5DRX2_CGTACTAG-TCTTACGC_L001_R2.fastq.gz
CUB35DAY7A2,/ei/cb/development/lany/CB-GENANNO-525_Charlotte_Utting_EI_CU_ENQ-5286_A_01/Reads/CUB35DAY7_R0882-S0001_A68701_CUB35DAY7A2_H3VY5DRX2_TAAGGCGA-AGCTAGAA_L001_R1.fastq.gz,/ei/cb/development/lany/CB-GENANNO-525_Charlotte_Utting_EI_CU_ENQ-5286_A_01/Reads/CUB35DAY7_R0882-S0001_A68701_CUB35DAY7A2_H3VY5DRX2_TAAGGCGA-AGCTAGAA_L001_R2.fastq.gz
CUB35DAY7A3,/ei/cb/development/lany/CB-GENANNO-525_Charlotte_Utting_EI_CU_ENQ-5286_A_01/Reads/CUB35DAY7_R0882-S0001_A68701_CUB35DAY7A3_H3VY5DRX2_TAAGGCGA-ACTCTAGG_L001_R1.fastq.gz,/ei/cb/development/lany/CB-GENANNO-525_Charlotte_Utting_EI_CU_ENQ-5286_A_01/Reads/CUB35DAY7_R0882-S0001_A68701_CUB35DAY7A3_H3VY5DRX2_TAAGGCGA-ACTCTAGG_L001_R2.fastq.gz
CUB35DAY7A4,/ei/cb/development/lany/CB-GENANNO-525_Charlotte_Utting_EI_CU_ENQ-5286_A_01/Reads/CUB35DAY7_R0882-S0001_A68701_CUB35DAY7A4_H3VY5DRX2_TAAGGCGA-TCTTACGC_L001_R1.fastq.gz,/ei/cb/development/lany/CB-GENANNO-525_Charlotte_Utting_EI_CU_ENQ-5286_A_01/Reads/CUB35DAY7_R0882-S0001_A68701_CUB35DAY7A4_H3VY5DRX2_TAAGGCGA-TCTTACGC_L001_R2.fastq.gz
CUB35DAY7A5,/ei/cb/development/lany/CB-GENANNO-525_Charlotte_Utting_EI_CU_ENQ-5286_A_01/Reads/CUB35DAY7_R0882-S0001_A68701_CUB35DAY7A5_H3VY5DRX2_TAAGGCGA-CTTAATAG_L001_R1.fastq.gz,/ei/cb/development/lany/CB-GENANNO-525_Charlotte_Utting_EI_CU_ENQ-5286_A_01/Reads/CUB35DAY7_R0882-S0001_A68701_CUB35DAY7A5_H3VY5DRX2_TAAGGCGA-CTTAATAG_L001_R2.fastq.gz
CUB35DAY7A6,/ei/cb/development/lany/CB-GENANNO-525_Charlotte_Utting_EI_CU_ENQ-5286_A_01/Reads/CUB35DAY7_R0882-S0001_A68701_CUB35DAY7A6_H3VY5DRX2_TAAGGCGA-ATAGCCTT_L001_R1.fastq.gz,/ei/cb/development/lany/CB-GENANNO-525_Charlotte_Utting_EI_CU_ENQ-5286_A_01/Reads/CUB35DAY7_R0882-S0001_A68701_CUB35DAY7A6_H3VY5DRX2_TAAGGCGA-ATAGCCTT_L001_R2.fastq.gz
CUB35DAY7A7,/ei/cb/development/lany/CB-GENANNO-525_Charlotte_Utting_EI_CU_ENQ-5286_A_01/Reads/CUB35DAY7_R0882-S0001_A68701_CUB35DAY7A7_H3VY5DRX2_TAAGGCGA-TAAGGCTC_L001_R1.fastq.gz,/ei/cb/development/lany/CB-GENANNO-525_Charlotte_Utting_EI_CU_ENQ-5286_A_01/Reads/CUB35DAY7_R0882-S0001_A68701_CUB35DAY7A7_H3VY5DRX2_TAAGGCGA-TAAGGCTC_L001_R2.fastq.gz
CUB35DAY7A8,/ei/cb/development/lany/CB-GENANNO-525_Charlotte_Utting_EI_CU_ENQ-5286_A_01/Reads/CUB35DAY7_R0882-S0001_A68701_CUB35DAY7A8_H3VY5DRX2_TAAGGCGA-TCGCATAA_L001_R1.fastq.gz,/ei/cb/development/lany/CB-GENANNO-525_Charlotte_Utting_EI_CU_ENQ-5286_A_01/Reads/CUB35DAY7_R0882-S0001_A68701_CUB35DAY7A8_H3VY5DRX2_TAAGGCGA-TCGCATAA_L001_R2.fastq.gz
CUB35DAY7A9,/ei/cb/development/lany/CB-GENANNO-525_Charlotte_Utting_EI_CU_ENQ-5286_A_01/Reads/CUB35DAY7_R0882-S0001_A68701_CUB35DAY7A9_H3VY5DRX2_CGTACTAG-CTAGTCGA_L001_R1.fastq.gz,/ei/cb/development/lany/CB-GENANNO-525_Charlotte_Utting_EI_CU_ENQ-5286_A_01/Reads/CUB35DAY7_R0882-S0001_A68701_CUB35DAY7A9_H3VY5DRX2_CGTACTAG-CTAGTCGA_L001_R2.fastq.gz
CUB35DAY7B1,/ei/cb/development/lany/CB-GENANNO-525_Charlotte_Utting_EI_CU_ENQ-5286_A_01/Reads/CUB35DAY7_R0882-S0001_A68701_CUB35DAY7B1_H3VY5DRX2_CGTACTAG-CTTAATAG_L001_R1.fastq.gz,/ei/cb/development/lany/CB-GENANNO-525_Charlotte_Utting_EI_CU_ENQ-5286_A_01/Reads/CUB35DAY7_R0882-S0001_A68701_CUB35DAY7B1_H3VY5DRX2_CGTACTAG-CTTAATAG_L001_R2.fastq.gz
CUB35DAY7B10,/ei/cb/development/lany/CB-GENANNO-525_Charlotte_Utting_EI_CU_ENQ-5286_A_01/Reads/CUB35DAY7_R0882-S0001_A68701_CUB35DAY7B10_H3VY5DRX2_AGGCAGAA-ATAGCCTT_L001_R1.fastq.gz,/ei/cb/development/lany/CB-GENANNO-525_Charlotte_Utting_EI_CU_ENQ-5286_A_01/Reads/CUB35DAY7_R0882-S0001_A68701_CUB35DAY7B10_H3VY5DRX2_AGGCAGAA-ATAGCCTT_L001_R2.fastq.gz
CUB35DAY7B11,/ei/cb/development/lany/CB-GENANNO-525_Charlotte_Utting_EI_CU_ENQ-5286_A_01/Reads/CUB35DAY7_R0882-S0001_A68701_CUB35DAY7B11_H3VY5DRX2_AGGCAGAA-TAAGGCTC_L001_R1.fastq.gz,/ei/cb/development/lany/CB-GENANNO-525_Charlotte_Utting_EI_CU_ENQ-5286_A_01/Reads/CUB35DAY7_R0882-S0001_A68701_CUB35DAY7B11_H3VY5DRX2_AGGCAGAA-TAAGGCTC_L001_R2.fastq.gz
CUB35DAY7B12,/ei/cb/development/lany/CB-GENANNO-525_Charlotte_Utting_EI_CU_ENQ-5286_A_01/Reads/CUB35DAY7_R0882-S0001_A68701_CUB35DAY7B12_H3VY5DRX2_AGGCAGAA-TCGCATAA_L001_R1.fastq.gz,/ei/cb/development/lany/CB-GENANNO-525_Charlotte_Utting_EI_CU_ENQ-5286_A_01/Reads/CUB35DAY7_R0882-S0001_A68701_CUB35DAY7B12_H3VY5DRX2_AGGCAGAA-TCGCATAA_L001_R2.fastq.gz
CUB35DAY7B2,/ei/cb/development/lany/CB-GENANNO-525_Charlotte_Utting_EI_CU_ENQ-5286_A_01/Reads/CUB35DAY7_R0882-S0001_A68701_CUB35DAY7B2_H3VY5DRX2_CGTACTAG-ATAGCCTT_L001_R1.fastq.gz,/ei/cb/development/lany/CB-GENANNO-525_Charlotte_Utting_EI_CU_ENQ-5286_A_01/Reads/CUB35DAY7_R0882-S0001_A68701_CUB35DAY7B2_H3VY5DRX2_CGTACTAG-ATAGCCTT_L001_R2.fastq.gz
CUB35DAY7B3,/ei/cb/development/lany/CB-GENANNO-525_Charlotte_Utting_EI_CU_ENQ-5286_A_01/Reads/CUB35DAY7_R0882-S0001_A68701_CUB35DAY7B3_H3VY5DRX2_CGTACTAG-TAAGGCTC_L001_R1.fastq.gz,/ei/cb/development/lany/CB-GENANNO-525_Charlotte_Utting_EI_CU_ENQ-5286_A_01/Reads/CUB35DAY7_R0882-S0001_A68701_CUB35DAY7B3_H3VY5DRX2_CGTACTAG-TAAGGCTC_L001_R2.fastq.gz
CUB35DAY7B4,/ei/cb/development/lany/CB-GENANNO-525_Charlotte_Utting_EI_CU_ENQ-5286_A_01/Reads/CUB35DAY7_R0882-S0001_A68701_CUB35DAY7B4_H3VY5DRX2_CGTACTAG-TCGCATAA_L001_R1.fastq.gz,/ei/cb/development/lany/CB-GENANNO-525_Charlotte_Utting_EI_CU_ENQ-5286_A_01/Reads/CUB35DAY7_R0882-S0001_A68701_CUB35DAY7B4_H3VY5DRX2_CGTACTAG-TCGCATAA_L001_R2.fastq.gz
CUB35DAY7B5,/ei/cb/development/lany/CB-GENANNO-525_Charlotte_Utting_EI_CU_ENQ-5286_A_01/Reads/CUB35DAY7_R0882-S0001_A68701_CUB35DAY7B5_H3VY5DRX2_AGGCAGAA-CTAGTCGA_L001_R1.fastq.gz,/ei/cb/development/lany/CB-GENANNO-525_Charlotte_Utting_EI_CU_ENQ-5286_A_01/Reads/CUB35DAY7_R0882-S0001_A68701_CUB35DAY7B5_H3VY5DRX2_AGGCAGAA-CTAGTCGA_L001_R2.fastq.gz
CUB35DAY7B6,/ei/cb/development/lany/CB-GENANNO-525_Charlotte_Utting_EI_CU_ENQ-5286_A_01/Reads/CUB35DAY7_R0882-S0001_A68701_CUB35DAY7B6_H3VY5DRX2_AGGCAGAA-AGCTAGAA_L001_R1.fastq.gz,/ei/cb/development/lany/CB-GENANNO-525_Charlotte_Utting_EI_CU_ENQ-5286_A_01/Reads/CUB35DAY7_R0882-S0001_A68701_CUB35DAY7B6_H3VY5DRX2_AGGCAGAA-AGCTAGAA_L001_R2.fastq.gz
CUB35DAY7B7,/ei/cb/development/lany/CB-GENANNO-525_Charlotte_Utting_EI_CU_ENQ-5286_A_01/Reads/CUB35DAY7_R0882-S0001_A68701_CUB35DAY7B7_H3VY5DRX2_AGGCAGAA-ACTCTAGG_L001_R1.fastq.gz,/ei/cb/development/lany/CB-GENANNO-525_Charlotte_Utting_EI_CU_ENQ-5286_A_01/Reads/CUB35DAY7_R0882-S0001_A68701_CUB35DAY7B7_H3VY5DRX2_AGGCAGAA-ACTCTAGG_L001_R2.fastq.gz
CUB35DAY7B8,/ei/cb/development/lany/CB-GENANNO-525_Charlotte_Utting_EI_CU_ENQ-5286_A_01/Reads/CUB35DAY7_R0882-S0001_A68701_CUB35DAY7B8_H3VY5DRX2_AGGCAGAA-TCTTACGC_L001_R1.fastq.gz,/ei/cb/development/lany/CB-GENANNO-525_Charlotte_Utting_EI_CU_ENQ-5286_A_01/Reads/CUB35DAY7_R0882-S0001_A68701_CUB35DAY7B8_H3VY5DRX2_AGGCAGAA-TCTTACGC_L001_R2.fastq.gz
CUB35DAY7B9,/ei/cb/development/lany/CB-GENANNO-525_Charlotte_Utting_EI_CU_ENQ-5286_A_01/Reads/CUB35DAY7_R0882-S0001_A68701_CUB35DAY7B9_H3VY5DRX2_AGGCAGAA-CTTAATAG_L001_R1.fastq.gz,/ei/cb/development/lany/CB-GENANNO-525_Charlotte_Utting_EI_CU_ENQ-5286_A_01/Reads/CUB35DAY7_R0882-S0001_A68701_CUB35DAY7B9_H3VY5DRX2_AGGCAGAA-CTTAATAG_L001_R2.fastq.gz
CUB35DAY7C1,/ei/cb/development/lany/CB-GENANNO-525_Charlotte_Utting_EI_CU_ENQ-5286_A_01/Reads/CUB35DAY7_R0882-S0001_A68701_CUB35DAY7C1_H3VY5DRX2_TCCTGAGC-CTAGTCGA_L001_R1.fastq.gz,/ei/cb/development/lany/CB-GENANNO-525_Charlotte_Utting_EI_CU_ENQ-5286_A_01/Reads/CUB35DAY7_R0882-S0001_A68701_CUB35DAY7C1_H3VY5DRX2_TCCTGAGC-CTAGTCGA_L001_R2.fastq.gz
CUB35DAY7C10,/ei/cb/development/lany/CB-GENANNO-525_Charlotte_Utting_EI_CU_ENQ-5286_A_01/Reads/CUB35DAY7_R0882-S0001_A68701_CUB35DAY7C10_H3VY5DRX2_GGACTCCT-AGCTAGAA_L001_R1.fastq.gz,/ei/cb/development/lany/CB-GENANNO-525_Charlotte_Utting_EI_CU_ENQ-5286_A_01/Reads/CUB35DAY7_R0882-S0001_A68701_CUB35DAY7C10_H3VY5DRX2_GGACTCCT-AGCTAGAA_L001_R2.fastq.gz
CUB35DAY7C11,/ei/cb/development/lany/CB-GENANNO-525_Charlotte_Utting_EI_CU_ENQ-5286_A_01/Reads/CUB35DAY7_R0882-S0001_A68701_CUB35DAY7C11_H3VY5DRX2_GGACTCCT-ACTCTAGG_L001_R1.fastq.gz,/ei/cb/development/lany/CB-GENANNO-525_Charlotte_Utting_EI_CU_ENQ-5286_A_01/Reads/CUB35DAY7_R0882-S0001_A68701_CUB35DAY7C11_H3VY5DRX2_GGACTCCT-ACTCTAGG_L001_R2.fastq.gz
CUB35DAY7C12,/ei/cb/development/lany/CB-GENANNO-525_Charlotte_Utting_EI_CU_ENQ-5286_A_01/Reads/CUB35DAY7_R0882-S0001_A68701_CUB35DAY7C12_H3VY5DRX2_GGACTCCT-TCTTACGC_L001_R1.fastq.gz,/ei/cb/development/lany/CB-GENANNO-525_Charlotte_Utting_EI_CU_ENQ-5286_A_01/Reads/CUB35DAY7_R0882-S0001_A68701_CUB35DAY7C12_H3VY5DRX2_GGACTCCT-TCTTACGC_L001_R2.fastq.gz
CUB35DAY7C2,/ei/cb/development/lany/CB-GENANNO-525_Charlotte_Utting_EI_CU_ENQ-5286_A_01/Reads/CUB35DAY7_R0882-S0001_A68701_CUB35DAY7C2_H3VY5DRX2_TCCTGAGC-AGCTAGAA_L001_R1.fastq.gz,/ei/cb/development/lany/CB-GENANNO-525_Charlotte_Utting_EI_CU_ENQ-5286_A_01/Reads/CUB35DAY7_R0882-S0001_A68701_CUB35DAY7C2_H3VY5DRX2_TCCTGAGC-AGCTAGAA_L001_R2.fastq.gz
CUB35DAY7C3,/ei/cb/development/lany/CB-GENANNO-525_Charlotte_Utting_EI_CU_ENQ-5286_A_01/Reads/CUB35DAY7_R0882-S0001_A68701_CUB35DAY7C3_H3VY5DRX2_TCCTGAGC-ACTCTAGG_L001_R1.fastq.gz,/ei/cb/development/lany/CB-GENANNO-525_Charlotte_Utting_EI_CU_ENQ-5286_A_01/Reads/CUB35DAY7_R0882-S0001_A68701_CUB35DAY7C3_H3VY5DRX2_TCCTGAGC-ACTCTAGG_L001_R2.fastq.gz
CUB35DAY7C4,/ei/cb/development/lany/CB-GENANNO-525_Charlotte_Utting_EI_CU_ENQ-5286_A_01/Reads/CUB35DAY7_R0882-S0001_A68701_CUB35DAY7C4_H3VY5DRX2_TCCTGAGC-TCTTACGC_L001_R1.fastq.gz,/ei/cb/development/lany/CB-GENANNO-525_Charlotte_Utting_EI_CU_ENQ-5286_A_01/Reads/CUB35DAY7_R0882-S0001_A68701_CUB35DAY7C4_H3VY5DRX2_TCCTGAGC-TCTTACGC_L001_R2.fastq.gz
CUB35DAY7C5,/ei/cb/development/lany/CB-GENANNO-525_Charlotte_Utting_EI_CU_ENQ-5286_A_01/Reads/CUB35DAY7_R0882-S0001_A68701_CUB35DAY7C5_H3VY5DRX2_TCCTGAGC-CTTAATAG_L001_R1.fastq.gz,/ei/cb/development/lany/CB-GENANNO-525_Charlotte_Utting_EI_CU_ENQ-5286_A_01/Reads/CUB35DAY7_R0882-S0001_A68701_CUB35DAY7C5_H3VY5DRX2_TCCTGAGC-CTTAATAG_L001_R2.fastq.gz
CUB35DAY7C6,/ei/cb/development/lany/CB-GENANNO-525_Charlotte_Utting_EI_CU_ENQ-5286_A_01/Reads/CUB35DAY7_R0882-S0001_A68701_CUB35DAY7C6_H3VY5DRX2_TCCTGAGC-ATAGCCTT_L001_R1.fastq.gz,/ei/cb/development/lany/CB-GENANNO-525_Charlotte_Utting_EI_CU_ENQ-5286_A_01/Reads/CUB35DAY7_R0882-S0001_A68701_CUB35DAY7C6_H3VY5DRX2_TCCTGAGC-ATAGCCTT_L001_R2.fastq.gz
CUB35DAY7C7,/ei/cb/development/lany/CB-GENANNO-525_Charlotte_Utting_EI_CU_ENQ-5286_A_01/Reads/CUB35DAY7_R0882-S0001_A68701_CUB35DAY7C7_H3VY5DRX2_TCCTGAGC-TAAGGCTC_L001_R1.fastq.gz,/ei/cb/development/lany/CB-GENANNO-525_Charlotte_Utting_EI_CU_ENQ-5286_A_01/Reads/CUB35DAY7_R0882-S0001_A68701_CUB35DAY7C7_H3VY5DRX2_TCCTGAGC-TAAGGCTC_L001_R2.fastq.gz
CUB35DAY7C8,/ei/cb/development/lany/CB-GENANNO-525_Charlotte_Utting_EI_CU_ENQ-5286_A_01/Reads/CUB35DAY7_R0882-S0001_A68701_CUB35DAY7C8_H3VY5DRX2_TCCTGAGC-TCGCATAA_L001_R1.fastq.gz,/ei/cb/development/lany/CB-GENANNO-525_Charlotte_Utting_EI_CU_ENQ-5286_A_01/Reads/CUB35DAY7_R0882-S0001_A68701_CUB35DAY7C8_H3VY5DRX2_TCCTGAGC-TCGCATAA_L001_R2.fastq.gz
CUB35DAY7C9,/ei/cb/development/lany/CB-GENANNO-525_Charlotte_Utting_EI_CU_ENQ-5286_A_01/Reads/CUB35DAY7_R0882-S0001_A68701_CUB35DAY7C9_H3VY5DRX2_GGACTCCT-CTAGTCGA_L001_R1.fastq.gz,/ei/cb/development/lany/CB-GENANNO-525_Charlotte_Utting_EI_CU_ENQ-5286_A_01/Reads/CUB35DAY7_R0882-S0001_A68701_CUB35DAY7C9_H3VY5DRX2_GGACTCCT-CTAGTCGA_L001_R2.fastq.gz
CUB35DAY7D1,/ei/cb/development/lany/CB-GENANNO-525_Charlotte_Utting_EI_CU_ENQ-5286_A_01/Reads/CUB35DAY7_R0882-S0001_A68701_CUB35DAY7D1_H3VY5DRX2_GGACTCCT-CTTAATAG_L001_R1.fastq.gz,/ei/cb/development/lany/CB-GENANNO-525_Charlotte_Utting_EI_CU_ENQ-5286_A_01/Reads/CUB35DAY7_R0882-S0001_A68701_CUB35DAY7D1_H3VY5DRX2_GGACTCCT-CTTAATAG_L001_R2.fastq.gz
CUB35DAY7D10,/ei/cb/development/lany/CB-GENANNO-525_Charlotte_Utting_EI_CU_ENQ-5286_A_01/Reads/CUB35DAY7_R0882-S0001_A68701_CUB35DAY7D10_H3VY5DRX2_TAGGCATG-ATAGCCTT_L001_R1.fastq.gz,/ei/cb/development/lany/CB-GENANNO-525_Charlotte_Utting_EI_CU_ENQ-5286_A_01/Reads/CUB35DAY7_R0882-S0001_A68701_CUB35DAY7D10_H3VY5DRX2_TAGGCATG-ATAGCCTT_L001_R2.fastq.gz
CUB35DAY7D11,/ei/cb/development/lany/CB-GENANNO-525_Charlotte_Utting_EI_CU_ENQ-5286_A_01/Reads/CUB35DAY7_R0882-S0001_A68701_CUB35DAY7D11_H3VY5DRX2_TAGGCATG-TAAGGCTC_L001_R1.fastq.gz,/ei/cb/development/lany/CB-GENANNO-525_Charlotte_Utting_EI_CU_ENQ-5286_A_01/Reads/CUB35DAY7_R0882-S0001_A68701_CUB35DAY7D11_H3VY5DRX2_TAGGCATG-TAAGGCTC_L001_R2.fastq.gz
CUB35DAY7D12,/ei/cb/development/lany/CB-GENANNO-525_Charlotte_Utting_EI_CU_ENQ-5286_A_01/Reads/CUB35DAY7_R0882-S0001_A68701_CUB35DAY7D12_H3VY5DRX2_TAGGCATG-TCGCATAA_L001_R1.fastq.gz,/ei/cb/development/lany/CB-GENANNO-525_Charlotte_Utting_EI_CU_ENQ-5286_A_01/Reads/CUB35DAY7_R0882-S0001_A68701_CUB35DAY7D12_H3VY5DRX2_TAGGCATG-TCGCATAA_L001_R2.fastq.gz
CUB35DAY7D2,/ei/cb/development/lany/CB-GENANNO-525_Charlotte_Utting_EI_CU_ENQ-5286_A_01/Reads/CUB35DAY7_R0882-S0001_A68701_CUB35DAY7D2_H3VY5DRX2_GGACTCCT-ATAGCCTT_L001_R1.fastq.gz,/ei/cb/development/lany/CB-GENANNO-525_Charlotte_Utting_EI_CU_ENQ-5286_A_01/Reads/CUB35DAY7_R0882-S0001_A68701_CUB35DAY7D2_H3VY5DRX2_GGACTCCT-ATAGCCTT_L001_R2.fastq.gz
CUB35DAY7D3,/ei/cb/development/lany/CB-GENANNO-525_Charlotte_Utting_EI_CU_ENQ-5286_A_01/Reads/CUB35DAY7_R0882-S0001_A68701_CUB35DAY7D3_H3VY5DRX2_GGACTCCT-TAAGGCTC_L001_R1.fastq.gz,/ei/cb/development/lany/CB-GENANNO-525_Charlotte_Utting_EI_CU_ENQ-5286_A_01/Reads/CUB35DAY7_R0882-S0001_A68701_CUB35DAY7D3_H3VY5DRX2_GGACTCCT-TAAGGCTC_L001_R2.fastq.gz
CUB35DAY7D4,/ei/cb/development/lany/CB-GENANNO-525_Charlotte_Utting_EI_CU_ENQ-5286_A_01/Reads/CUB35DAY7_R0882-S0001_A68701_CUB35DAY7D4_H3VY5DRX2_GGACTCCT-TCGCATAA_L001_R1.fastq.gz,/ei/cb/development/lany/CB-GENANNO-525_Charlotte_Utting_EI_CU_ENQ-5286_A_01/Reads/CUB35DAY7_R0882-S0001_A68701_CUB35DAY7D4_H3VY5DRX2_GGACTCCT-TCGCATAA_L001_R2.fastq.gz
CUB35DAY7D5,/ei/cb/development/lany/CB-GENANNO-525_Charlotte_Utting_EI_CU_ENQ-5286_A_01/Reads/CUB35DAY7_R0882-S0001_A68701_CUB35DAY7D5_H3VY5DRX2_TAGGCATG-CTAGTCGA_L001_R1.fastq.gz,/ei/cb/development/lany/CB-GENANNO-525_Charlotte_Utting_EI_CU_ENQ-5286_A_01/Reads/CUB35DAY7_R0882-S0001_A68701_CUB35DAY7D5_H3VY5DRX2_TAGGCATG-CTAGTCGA_L001_R2.fastq.gz
CUB35DAY7D6,/ei/cb/development/lany/CB-GENANNO-525_Charlotte_Utting_EI_CU_ENQ-5286_A_01/Reads/CUB35DAY7_R0882-S0001_A68701_CUB35DAY7D6_H3VY5DRX2_TAGGCATG-AGCTAGAA_L001_R1.fastq.gz,/ei/cb/development/lany/CB-GENANNO-525_Charlotte_Utting_EI_CU_ENQ-5286_A_01/Reads/CUB35DAY7_R0882-S0001_A68701_CUB35DAY7D6_H3VY5DRX2_TAGGCATG-AGCTAGAA_L001_R2.fastq.gz
CUB35DAY7D7,/ei/cb/development/lany/CB-GENANNO-525_Charlotte_Utting_EI_CU_ENQ-5286_A_01/Reads/CUB35DAY7_R0882-S0001_A68701_CUB35DAY7D7_H3VY5DRX2_TAGGCATG-ACTCTAGG_L001_R1.fastq.gz,/ei/cb/development/lany/CB-GENANNO-525_Charlotte_Utting_EI_CU_ENQ-5286_A_01/Reads/CUB35DAY7_R0882-S0001_A68701_CUB35DAY7D7_H3VY5DRX2_TAGGCATG-ACTCTAGG_L001_R2.fastq.gz
CUB35DAY7D8,/ei/cb/development/lany/CB-GENANNO-525_Charlotte_Utting_EI_CU_ENQ-5286_A_01/Reads/CUB35DAY7_R0882-S0001_A68701_CUB35DAY7D8_H3VY5DRX2_TAGGCATG-TCTTACGC_L001_R1.fastq.gz,/ei/cb/development/lany/CB-GENANNO-525_Charlotte_Utting_EI_CU_ENQ-5286_A_01/Reads/CUB35DAY7_R0882-S0001_A68701_CUB35DAY7D8_H3VY5DRX2_TAGGCATG-TCTTACGC_L001_R2.fastq.gz
CUB35DAY7D9,/ei/cb/development/lany/CB-GENANNO-525_Charlotte_Utting_EI_CU_ENQ-5286_A_01/Reads/CUB35DAY7_R0882-S0001_A68701_CUB35DAY7D9_H3VY5DRX2_TAGGCATG-CTTAATAG_L001_R1.fastq.gz,/ei/cb/development/lany/CB-GENANNO-525_Charlotte_Utting_EI_CU_ENQ-5286_A_01/Reads/CUB35DAY7_R0882-S0001_A68701_CUB35DAY7D9_H3VY5DRX2_TAGGCATG-CTTAATAG_L001_R2.fastq.gz
CUB35DAY7E1,/ei/cb/development/lany/CB-GENANNO-525_Charlotte_Utting_EI_CU_ENQ-5286_A_01/Reads/CUB35DAY7_R0882-S0001_A68701_CUB35DAY7E1_H3VY5DRX2_CTCTCTAC-CTAGTCGA_L001_R1.fastq.gz,/ei/cb/development/lany/CB-GENANNO-525_Charlotte_Utting_EI_CU_ENQ-5286_A_01/Reads/CUB35DAY7_R0882-S0001_A68701_CUB35DAY7E1_H3VY5DRX2_CTCTCTAC-CTAGTCGA_L001_R2.fastq.gz
CUB35DAY7E10,/ei/cb/development/lany/CB-GENANNO-525_Charlotte_Utting_EI_CU_ENQ-5286_A_01/Reads/CUB35DAY7_R0882-S0001_A68701_CUB35DAY7E10_H3VY5DRX2_CGAGGCTG-AGCTAGAA_L001_R1.fastq.gz,/ei/cb/development/lany/CB-GENANNO-525_Charlotte_Utting_EI_CU_ENQ-5286_A_01/Reads/CUB35DAY7_R0882-S0001_A68701_CUB35DAY7E10_H3VY5DRX2_CGAGGCTG-AGCTAGAA_L001_R2.fastq.gz
CUB35DAY7E11,/ei/cb/development/lany/CB-GENANNO-525_Charlotte_Utting_EI_CU_ENQ-5286_A_01/Reads/CUB35DAY7_R0882-S0001_A68701_CUB35DAY7E11_H3VY5DRX2_CGAGGCTG-ACTCTAGG_L001_R1.fastq.gz,/ei/cb/development/lany/CB-GENANNO-525_Charlotte_Utting_EI_CU_ENQ-5286_A_01/Reads/CUB35DAY7_R0882-S0001_A68701_CUB35DAY7E11_H3VY5DRX2_CGAGGCTG-ACTCTAGG_L001_R2.fastq.gz
CUB35DAY7E12,/ei/cb/development/lany/CB-GENANNO-525_Charlotte_Utting_EI_CU_ENQ-5286_A_01/Reads/CUB35DAY7_R0882-S0001_A68701_CUB35DAY7E12_H3VY5DRX2_CGAGGCTG-TCTTACGC_L001_R1.fastq.gz,/ei/cb/development/lany/CB-GENANNO-525_Charlotte_Utting_EI_CU_ENQ-5286_A_01/Reads/CUB35DAY7_R0882-S0001_A68701_CUB35DAY7E12_H3VY5DRX2_CGAGGCTG-TCTTACGC_L001_R2.fastq.gz
CUB35DAY7E2,/ei/cb/development/lany/CB-GENANNO-525_Charlotte_Utting_EI_CU_ENQ-5286_A_01/Reads/CUB35DAY7_R0882-S0001_A68701_CUB35DAY7E2_H3VY5DRX2_CTCTCTAC-AGCTAGAA_L001_R1.fastq.gz,/ei/cb/development/lany/CB-GENANNO-525_Charlotte_Utting_EI_CU_ENQ-5286_A_01/Reads/CUB35DAY7_R0882-S0001_A68701_CUB35DAY7E2_H3VY5DRX2_CTCTCTAC-AGCTAGAA_L001_R2.fastq.gz
CUB35DAY7E3,/ei/cb/development/lany/CB-GENANNO-525_Charlotte_Utting_EI_CU_ENQ-5286_A_01/Reads/CUB35DAY7_R0882-S0001_A68701_CUB35DAY7E3_H3VY5DRX2_CTCTCTAC-ACTCTAGG_L001_R1.fastq.gz,/ei/cb/development/lany/CB-GENANNO-525_Charlotte_Utting_EI_CU_ENQ-5286_A_01/Reads/CUB35DAY7_R0882-S0001_A68701_CUB35DAY7E3_H3VY5DRX2_CTCTCTAC-ACTCTAGG_L001_R2.fastq.gz
CUB35DAY7E4,/ei/cb/development/lany/CB-GENANNO-525_Charlotte_Utting_EI_CU_ENQ-5286_A_01/Reads/CUB35DAY7_R0882-S0001_A68701_CUB35DAY7E4_H3VY5DRX2_CTCTCTAC-TCTTACGC_L001_R1.fastq.gz,/ei/cb/development/lany/CB-GENANNO-525_Charlotte_Utting_EI_CU_ENQ-5286_A_01/Reads/CUB35DAY7_R0882-S0001_A68701_CUB35DAY7E4_H3VY5DRX2_CTCTCTAC-TCTTACGC_L001_R2.fastq.gz
CUB35DAY7E5,/ei/cb/development/lany/CB-GENANNO-525_Charlotte_Utting_EI_CU_ENQ-5286_A_01/Reads/CUB35DAY7_R0882-S0001_A68701_CUB35DAY7E5_H3VY5DRX2_CTCTCTAC-CTTAATAG_L001_R1.fastq.gz,/ei/cb/development/lany/CB-GENANNO-525_Charlotte_Utting_EI_CU_ENQ-5286_A_01/Reads/CUB35DAY7_R0882-S0001_A68701_CUB35DAY7E5_H3VY5DRX2_CTCTCTAC-CTTAATAG_L001_R2.fastq.gz
CUB35DAY7E6,/ei/cb/development/lany/CB-GENANNO-525_Charlotte_Utting_EI_CU_ENQ-5286_A_01/Reads/CUB35DAY7_R0882-S0001_A68701_CUB35DAY7E6_H3VY5DRX2_CTCTCTAC-ATAGCCTT_L001_R1.fastq.gz,/ei/cb/development/lany/CB-GENANNO-525_Charlotte_Utting_EI_CU_ENQ-5286_A_01/Reads/CUB35DAY7_R0882-S0001_A68701_CUB35DAY7E6_H3VY5DRX2_CTCTCTAC-ATAGCCTT_L001_R2.fastq.gz
CUB35DAY7E7,/ei/cb/development/lany/CB-GENANNO-525_Charlotte_Utting_EI_CU_ENQ-5286_A_01/Reads/CUB35DAY7_R0882-S0001_A68701_CUB35DAY7E7_H3VY5DRX2_CTCTCTAC-TAAGGCTC_L001_R1.fastq.gz,/ei/cb/development/lany/CB-GENANNO-525_Charlotte_Utting_EI_CU_ENQ-5286_A_01/Reads/CUB35DAY7_R0882-S0001_A68701_CUB35DAY7E7_H3VY5DRX2_CTCTCTAC-TAAGGCTC_L001_R2.fastq.gz
CUB35DAY7E8,/ei/cb/development/lany/CB-GENANNO-525_Charlotte_Utting_EI_CU_ENQ-5286_A_01/Reads/CUB35DAY7_R0882-S0001_A68701_CUB35DAY7E8_H3VY5DRX2_CTCTCTAC-TCGCATAA_L001_R1.fastq.gz,/ei/cb/development/lany/CB-GENANNO-525_Charlotte_Utting_EI_CU_ENQ-5286_A_01/Reads/CUB35DAY7_R0882-S0001_A68701_CUB35DAY7E8_H3VY5DRX2_CTCTCTAC-TCGCATAA_L001_R2.fastq.gz
CUB35DAY7E9,/ei/cb/development/lany/CB-GENANNO-525_Charlotte_Utting_EI_CU_ENQ-5286_A_01/Reads/CUB35DAY7_R0882-S0001_A68701_CUB35DAY7E9_H3VY5DRX2_CGAGGCTG-CTAGTCGA_L001_R1.fastq.gz,/ei/cb/development/lany/CB-GENANNO-525_Charlotte_Utting_EI_CU_ENQ-5286_A_01/Reads/CUB35DAY7_R0882-S0001_A68701_CUB35DAY7E9_H3VY5DRX2_CGAGGCTG-CTAGTCGA_L001_R2.fastq.gz
CUB35DAY7F1,/ei/cb/development/lany/CB-GENANNO-525_Charlotte_Utting_EI_CU_ENQ-5286_A_01/Reads/CUB35DAY7_R0882-S0001_A68701_CUB35DAY7F1_H3VY5DRX2_CGAGGCTG-CTTAATAG_L001_R1.fastq.gz,/ei/cb/development/lany/CB-GENANNO-525_Charlotte_Utting_EI_CU_ENQ-5286_A_01/Reads/CUB35DAY7_R0882-S0001_A68701_CUB35DAY7F1_H3VY5DRX2_CGAGGCTG-CTTAATAG_L001_R2.fastq.gz
CUB35DAY7F10,/ei/cb/development/lany/CB-GENANNO-525_Charlotte_Utting_EI_CU_ENQ-5286_A_01/Reads/CUB35DAY7_R0882-S0001_A68701_CUB35DAY7F10_H3VY5DRX2_AAGAGGCA-ATAGCCTT_L001_R1.fastq.gz,/ei/cb/development/lany/CB-GENANNO-525_Charlotte_Utting_EI_CU_ENQ-5286_A_01/Reads/CUB35DAY7_R0882-S0001_A68701_CUB35DAY7F10_H3VY5DRX2_AAGAGGCA-ATAGCCTT_L001_R2.fastq.gz
CUB35DAY7F11,/ei/cb/development/lany/CB-GENANNO-525_Charlotte_Utting_EI_CU_ENQ-5286_A_01/Reads/CUB35DAY7_R0882-S0001_A68701_CUB35DAY7F11_H3VY5DRX2_AAGAGGCA-TAAGGCTC_L001_R1.fastq.gz,/ei/cb/development/lany/CB-GENANNO-525_Charlotte_Utting_EI_CU_ENQ-5286_A_01/Reads/CUB35DAY7_R0882-S0001_A68701_CUB35DAY7F11_H3VY5DRX2_AAGAGGCA-TAAGGCTC_L001_R2.fastq.gz
CUB35DAY7F12,/ei/cb/development/lany/CB-GENANNO-525_Charlotte_Utting_EI_CU_ENQ-5286_A_01/Reads/CUB35DAY7_R0882-S0001_A68701_CUB35DAY7F12_H3VY5DRX2_AAGAGGCA-TCGCATAA_L001_R1.fastq.gz,/ei/cb/development/lany/CB-GENANNO-525_Charlotte_Utting_EI_CU_ENQ-5286_A_01/Reads/CUB35DAY7_R0882-S0001_A68701_CUB35DAY7F12_H3VY5DRX2_AAGAGGCA-TCGCATAA_L001_R2.fastq.gz
CUB35DAY7F2,/ei/cb/development/lany/CB-GENANNO-525_Charlotte_Utting_EI_CU_ENQ-5286_A_01/Reads/CUB35DAY7_R0882-S0001_A68701_CUB35DAY7F2_H3VY5DRX2_CGAGGCTG-ATAGCCTT_L001_R1.fastq.gz,/ei/cb/development/lany/CB-GENANNO-525_Charlotte_Utting_EI_CU_ENQ-5286_A_01/Reads/CUB35DAY7_R0882-S0001_A68701_CUB35DAY7F2_H3VY5DRX2_CGAGGCTG-ATAGCCTT_L001_R2.fastq.gz
CUB35DAY7F3,/ei/cb/development/lany/CB-GENANNO-525_Charlotte_Utting_EI_CU_ENQ-5286_A_01/Reads/CUB35DAY7_R0882-S0001_A68701_CUB35DAY7F3_H3VY5DRX2_CGAGGCTG-TAAGGCTC_L001_R1.fastq.gz,/ei/cb/development/lany/CB-GENANNO-525_Charlotte_Utting_EI_CU_ENQ-5286_A_01/Reads/CUB35DAY7_R0882-S0001_A68701_CUB35DAY7F3_H3VY5DRX2_CGAGGCTG-TAAGGCTC_L001_R2.fastq.gz
CUB35DAY7F4,/ei/cb/development/lany/CB-GENANNO-525_Charlotte_Utting_EI_CU_ENQ-5286_A_01/Reads/CUB35DAY7_R0882-S0001_A68701_CUB35DAY7F4_H3VY5DRX2_CGAGGCTG-TCGCATAA_L001_R1.fastq.gz,/ei/cb/development/lany/CB-GENANNO-525_Charlotte_Utting_EI_CU_ENQ-5286_A_01/Reads/CUB35DAY7_R0882-S0001_A68701_CUB35DAY7F4_H3VY5DRX2_CGAGGCTG-TCGCATAA_L001_R2.fastq.gz
CUB35DAY7F5,/ei/cb/development/lany/CB-GENANNO-525_Charlotte_Utting_EI_CU_ENQ-5286_A_01/Reads/CUB35DAY7_R0882-S0001_A68701_CUB35DAY7F5_H3VY5DRX2_AAGAGGCA-CTAGTCGA_L001_R1.fastq.gz,/ei/cb/development/lany/CB-GENANNO-525_Charlotte_Utting_EI_CU_ENQ-5286_A_01/Reads/CUB35DAY7_R0882-S0001_A68701_CUB35DAY7F5_H3VY5DRX2_AAGAGGCA-CTAGTCGA_L001_R2.fastq.gz
CUB35DAY7F6,/ei/cb/development/lany/CB-GENANNO-525_Charlotte_Utting_EI_CU_ENQ-5286_A_01/Reads/CUB35DAY7_R0882-S0001_A68701_CUB35DAY7F6_H3VY5DRX2_AAGAGGCA-AGCTAGAA_L001_R1.fastq.gz,/ei/cb/development/lany/CB-GENANNO-525_Charlotte_Utting_EI_CU_ENQ-5286_A_01/Reads/CUB35DAY7_R0882-S0001_A68701_CUB35DAY7F6_H3VY5DRX2_AAGAGGCA-AGCTAGAA_L001_R2.fastq.gz
CUB35DAY7F7,/ei/cb/development/lany/CB-GENANNO-525_Charlotte_Utting_EI_CU_ENQ-5286_A_01/Reads/CUB35DAY7_R0882-S0001_A68701_CUB35DAY7F7_H3VY5DRX2_AAGAGGCA-ACTCTAGG_L001_R1.fastq.gz,/ei/cb/development/lany/CB-GENANNO-525_Charlotte_Utting_EI_CU_ENQ-5286_A_01/Reads/CUB35DAY7_R0882-S0001_A68701_CUB35DAY7F7_H3VY5DRX2_AAGAGGCA-ACTCTAGG_L001_R2.fastq.gz
CUB35DAY7F8,/ei/cb/development/lany/CB-GENANNO-525_Charlotte_Utting_EI_CU_ENQ-5286_A_01/Reads/CUB35DAY7_R0882-S0001_A68701_CUB35DAY7F8_H3VY5DRX2_AAGAGGCA-TCTTACGC_L001_R1.fastq.gz,/ei/cb/development/lany/CB-GENANNO-525_Charlotte_Utting_EI_CU_ENQ-5286_A_01/Reads/CUB35DAY7_R0882-S0001_A68701_CUB35DAY7F8_H3VY5DRX2_AAGAGGCA-TCTTACGC_L001_R2.fastq.gz
CUB35DAY7F9,/ei/cb/development/lany/CB-GENANNO-525_Charlotte_Utting_EI_CU_ENQ-5286_A_01/Reads/CUB35DAY7_R0882-S0001_A68701_CUB35DAY7F9_H3VY5DRX2_AAGAGGCA-CTTAATAG_L001_R1.fastq.gz,/ei/cb/development/lany/CB-GENANNO-525_Charlotte_Utting_EI_CU_ENQ-5286_A_01/Reads/CUB35DAY7_R0882-S0001_A68701_CUB35DAY7F9_H3VY5DRX2_AAGAGGCA-CTTAATAG_L001_R2.fastq.gz
CUB35DAY7G1,/ei/cb/development/lany/CB-GENANNO-525_Charlotte_Utting_EI_CU_ENQ-5286_A_01/Reads/CUB35DAY7_R0882-S0001_A68701_CUB35DAY7G1_H3VY5DRX2_GTAGAGGA-CTAGTCGA_L001_R1.fastq.gz,/ei/cb/development/lany/CB-GENANNO-525_Charlotte_Utting_EI_CU_ENQ-5286_A_01/Reads/CUB35DAY7_R0882-S0001_A68701_CUB35DAY7G1_H3VY5DRX2_GTAGAGGA-CTAGTCGA_L001_R2.fastq.gz
CUB35DAY7G10,/ei/cb/development/lany/CB-GENANNO-525_Charlotte_Utting_EI_CU_ENQ-5286_A_01/Reads/CUB35DAY7_R0882-S0001_A68701_CUB35DAY7G10_H3VY5DRX2_GCTCATGA-AGCTAGAA_L001_R1.fastq.gz,/ei/cb/development/lany/CB-GENANNO-525_Charlotte_Utting_EI_CU_ENQ-5286_A_01/Reads/CUB35DAY7_R0882-S0001_A68701_CUB35DAY7G10_H3VY5DRX2_GCTCATGA-AGCTAGAA_L001_R2.fastq.gz
CUB35DAY7G11,,
CUB35DAY7G12,/ei/cb/development/lany/CB-GENANNO-525_Charlotte_Utting_EI_CU_ENQ-5286_A_01/Reads/CUB35DAY7_R0882-S0001_A68701_CUB35DAY7G12_H3VY5DRX2_GCTCATGA-TCTTACGC_L001_R1.fastq.gz,/ei/cb/development/lany/CB-GENANNO-525_Charlotte_Utting_EI_CU_ENQ-5286_A_01/Reads/CUB35DAY7_R0882-S0001_A68701_CUB35DAY7G12_H3VY5DRX2_GCTCATGA-TCTTACGC_L001_R2.fastq.gz
CUB35DAY7G2,/ei/cb/development/lany/CB-GENANNO-525_Charlotte_Utting_EI_CU_ENQ-5286_A_01/Reads/CUB35DAY7_R0882-S0001_A68701_CUB35DAY7G2_H3VY5DRX2_GTAGAGGA-AGCTAGAA_L001_R1.fastq.gz,/ei/cb/development/lany/CB-GENANNO-525_Charlotte_Utting_EI_CU_ENQ-5286_A_01/Reads/CUB35DAY7_R0882-S0001_A68701_CUB35DAY7G2_H3VY5DRX2_GTAGAGGA-AGCTAGAA_L001_R2.fastq.gz
CUB35DAY7G3,/ei/cb/development/lany/CB-GENANNO-525_Charlotte_Utting_EI_CU_ENQ-5286_A_01/Reads/CUB35DAY7_R0882-S0001_A68701_CUB35DAY7G3_H3VY5DRX2_GTAGAGGA-ACTCTAGG_L001_R1.fastq.gz,/ei/cb/development/lany/CB-GENANNO-525_Charlotte_Utting_EI_CU_ENQ-5286_A_01/Reads/CUB35DAY7_R0882-S0001_A68701_CUB35DAY7G3_H3VY5DRX2_GTAGAGGA-ACTCTAGG_L001_R2.fastq.gz
CUB35DAY7G4,/ei/cb/development/lany/CB-GENANNO-525_Charlotte_Utting_EI_CU_ENQ-5286_A_01/Reads/CUB35DAY7_R0882-S0001_A68701_CUB35DAY7G4_H3VY5DRX2_GTAGAGGA-TCTTACGC_L001_R1.fastq.gz,/ei/cb/development/lany/CB-GENANNO-525_Charlotte_Utting_EI_CU_ENQ-5286_A_01/Reads/CUB35DAY7_R0882-S0001_A68701_CUB35DAY7G4_H3VY5DRX2_GTAGAGGA-TCTTACGC_L001_R2.fastq.gz
CUB35DAY7G5,/ei/cb/development/lany/CB-GENANNO-525_Charlotte_Utting_EI_CU_ENQ-5286_A_01/Reads/CUB35DAY7_R0882-S0001_A68701_CUB35DAY7G5_H3VY5DRX2_GTAGAGGA-CTTAATAG_L001_R1.fastq.gz,/ei/cb/development/lany/CB-GENANNO-525_Charlotte_Utting_EI_CU_ENQ-5286_A_01/Reads/CUB35DAY7_R0882-S0001_A68701_CUB35DAY7G5_H3VY5DRX2_GTAGAGGA-CTTAATAG_L001_R2.fastq.gz
CUB35DAY7G6,/ei/cb/development/lany/CB-GENANNO-525_Charlotte_Utting_EI_CU_ENQ-5286_A_01/Reads/CUB35DAY7_R0882-S0001_A68701_CUB35DAY7G6_H3VY5DRX2_GTAGAGGA-ATAGCCTT_L001_R1.fastq.gz,/ei/cb/development/lany/CB-GENANNO-525_Charlotte_Utting_EI_CU_ENQ-5286_A_01/Reads/CUB35DAY7_R0882-S0001_A68701_CUB35DAY7G6_H3VY5DRX2_GTAGAGGA-ATAGCCTT_L001_R2.fastq.gz
CUB35DAY7G7,/ei/cb/development/lany/CB-GENANNO-525_Charlotte_Utting_EI_CU_ENQ-5286_A_01/Reads/CUB35DAY7_R0882-S0001_A68701_CUB35DAY7G7_H3VY5DRX2_GTAGAGGA-TAAGGCTC_L001_R1.fastq.gz,/ei/cb/development/lany/CB-GENANNO-525_Charlotte_Utting_EI_CU_ENQ-5286_A_01/Reads/CUB35DAY7_R0882-S0001_A68701_CUB35DAY7G7_H3VY5DRX2_GTAGAGGA-TAAGGCTC_L001_R2.fastq.gz
CUB35DAY7G8,/ei/cb/development/lany/CB-GENANNO-525_Charlotte_Utting_EI_CU_ENQ-5286_A_01/Reads/CUB35DAY7_R0882-S0001_A68701_CUB35DAY7G8_H3VY5DRX2_GTAGAGGA-TCGCATAA_L001_R1.fastq.gz,/ei/cb/development/lany/CB-GENANNO-525_Charlotte_Utting_EI_CU_ENQ-5286_A_01/Reads/CUB35DAY7_R0882-S0001_A68701_CUB35DAY7G8_H3VY5DRX2_GTAGAGGA-TCGCATAA_L001_R2.fastq.gz
CUB35DAY7G9,/ei/cb/development/lany/CB-GENANNO-525_Charlotte_Utting_EI_CU_ENQ-5286_A_01/Reads/CUB35DAY7_R0882-S0001_A68701_CUB35DAY7G9_H3VY5DRX2_GCTCATGA-CTAGTCGA_L001_R1.fastq.gz,/ei/cb/development/lany/CB-GENANNO-525_Charlotte_Utting_EI_CU_ENQ-5286_A_01/Reads/CUB35DAY7_R0882-S0001_A68701_CUB35DAY7G9_H3VY5DRX2_GCTCATGA-CTAGTCGA_L001_R2.fastq.gz
CUB35DAY7H1,/ei/cb/development/lany/CB-GENANNO-525_Charlotte_Utting_EI_CU_ENQ-5286_A_01/Reads/CUB35DAY7_R0882-S0001_A68701_CUB35DAY7H1_H3VY5DRX2_GCTCATGA-CTTAATAG_L001_R1.fastq.gz,/ei/cb/development/lany/CB-GENANNO-525_Charlotte_Utting_EI_CU_ENQ-5286_A_01/Reads/CUB35DAY7_R0882-S0001_A68701_CUB35DAY7H1_H3VY5DRX2_GCTCATGA-CTTAATAG_L001_R2.fastq.gz
CUB35DAY7H10,/ei/cb/development/lany/CB-GENANNO-525_Charlotte_Utting_EI_CU_ENQ-5286_A_01/Reads/CUB35DAY7_R0882-S0001_A68701_CUB35DAY7H10_H3VY5DRX2_ATCTCAGG-ATAGCCTT_L001_R1.fastq.gz,/ei/cb/development/lany/CB-GENANNO-525_Charlotte_Utting_EI_CU_ENQ-5286_A_01/Reads/CUB35DAY7_R0882-S0001_A68701_CUB35DAY7H10_H3VY5DRX2_ATCTCAGG-ATAGCCTT_L001_R2.fastq.gz
CUB35DAY7H11,/ei/cb/development/lany/CB-GENANNO-525_Charlotte_Utting_EI_CU_ENQ-5286_A_01/Reads/CUB35DAY7_R0882-S0001_A68701_CUB35DAY7H11_H3VY5DRX2_ATCTCAGG-TAAGGCTC_L001_R1.fastq.gz,/ei/cb/development/lany/CB-GENANNO-525_Charlotte_Utting_EI_CU_ENQ-5286_A_01/Reads/CUB35DAY7_R0882-S0001_A68701_CUB35DAY7H11_H3VY5DRX2_ATCTCAGG-TAAGGCTC_L001_R2.fastq.gz
CUB35DAY7H12,/ei/cb/development/lany/CB-GENANNO-525_Charlotte_Utting_EI_CU_ENQ-5286_A_01/Reads/CUB35DAY7_R0882-S0001_A68701_CUB35DAY7H12_H3VY5DRX2_ATCTCAGG-TCGCATAA_L001_R1.fastq.gz,/ei/cb/development/lany/CB-GENANNO-525_Charlotte_Utting_EI_CU_ENQ-5286_A_01/Reads/CUB35DAY7_R0882-S0001_A68701_CUB35DAY7H12_H3VY5DRX2_ATCTCAGG-TCGCATAA_L001_R2.fastq.gz
CUB35DAY7H2,/ei/cb/development/lany/CB-GENANNO-525_Charlotte_Utting_EI_CU_ENQ-5286_A_01/Reads/CUB35DAY7_R0882-S0001_A68701_CUB35DAY7H2_H3VY5DRX2_GCTCATGA-ATAGCCTT_L001_R1.fastq.gz,/ei/cb/development/lany/CB-GENANNO-525_Charlotte_Utting_EI_CU_ENQ-5286_A_01/Reads/CUB35DAY7_R0882-S0001_A68701_CUB35DAY7H2_H3VY5DRX2_GCTCATGA-ATAGCCTT_L001_R2.fastq.gz
CUB35DAY7H3,/ei/cb/development/lany/CB-GENANNO-525_Charlotte_Utting_EI_CU_ENQ-5286_A_01/Reads/CUB35DAY7_R0882-S0001_A68701_CUB35DAY7H3_H3VY5DRX2_GCTCATGA-TAAGGCTC_L001_R1.fastq.gz,/ei/cb/development/lany/CB-GENANNO-525_Charlotte_Utting_EI_CU_ENQ-5286_A_01/Reads/CUB35DAY7_R0882-S0001_A68701_CUB35DAY7H3_H3VY5DRX2_GCTCATGA-TAAGGCTC_L001_R2.fastq.gz
CUB35DAY7H4,/ei/cb/development/lany/CB-GENANNO-525_Charlotte_Utting_EI_CU_ENQ-5286_A_01/Reads/CUB35DAY7_R0882-S0001_A68701_CUB35DAY7H4_H3VY5DRX2_GCTCATGA-TCGCATAA_L001_R1.fastq.gz,/ei/cb/development/lany/CB-GENANNO-525_Charlotte_Utting_EI_CU_ENQ-5286_A_01/Reads/CUB35DAY7_R0882-S0001_A68701_CUB35DAY7H4_H3VY5DRX2_GCTCATGA-TCGCATAA_L001_R2.fastq.gz
CUB35DAY7H5,/ei/cb/development/lany/CB-GENANNO-525_Charlotte_Utting_EI_CU_ENQ-5286_A_01/Reads/CUB35DAY7_R0882-S0001_A68701_CUB35DAY7H5_H3VY5DRX2_ATCTCAGG-CTAGTCGA_L001_R1.fastq.gz,/ei/cb/development/lany/CB-GENANNO-525_Charlotte_Utting_EI_CU_ENQ-5286_A_01/Reads/CUB35DAY7_R0882-S0001_A68701_CUB35DAY7H5_H3VY5DRX2_ATCTCAGG-CTAGTCGA_L001_R2.fastq.gz
CUB35DAY7H6,/ei/cb/development/lany/CB-GENANNO-525_Charlotte_Utting_EI_CU_ENQ-5286_A_01/Reads/CUB35DAY7_R0882-S0001_A68701_CUB35DAY7H6_H3VY5DRX2_ATCTCAGG-AGCTAGAA_L001_R1.fastq.gz,/ei/cb/development/lany/CB-GENANNO-525_Charlotte_Utting_EI_CU_ENQ-5286_A_01/Reads/CUB35DAY7_R0882-S0001_A68701_CUB35DAY7H6_H3VY5DRX2_ATCTCAGG-AGCTAGAA_L001_R2.fastq.gz
CUB35DAY7H7,/ei/cb/development/lany/CB-GENANNO-525_Charlotte_Utting_EI_CU_ENQ-5286_A_01/Reads/CUB35DAY7_R0882-S0001_A68701_CUB35DAY7H7_H3VY5DRX2_ATCTCAGG-ACTCTAGG_L001_R1.fastq.gz,/ei/cb/development/lany/CB-GENANNO-525_Charlotte_Utting_EI_CU_ENQ-5286_A_01/Reads/CUB35DAY7_R0882-S0001_A68701_CUB35DAY7H7_H3VY5DRX2_ATCTCAGG-ACTCTAGG_L001_R2.fastq.gz
CUB35DAY7H8,/ei/cb/development/lany/CB-GENANNO-525_Charlotte_Utting_EI_CU_ENQ-5286_A_01/Reads/CUB35DAY7_R0882-S0001_A68701_CUB35DAY7H8_H3VY5DRX2_ATCTCAGG-TCTTACGC_L001_R1.fastq.gz,/ei/cb/development/lany/CB-GENANNO-525_Charlotte_Utting_EI_CU_ENQ-5286_A_01/Reads/CUB35DAY7_R0882-S0001_A68701_CUB35DAY7H8_H3VY5DRX2_ATCTCAGG-TCTTACGC_L001_R2.fastq.gz
CUB35DAY7H9,/ei/cb/development/lany/CB-GENANNO-525_Charlotte_Utting_EI_CU_ENQ-5286_A_01/Reads/CUB35DAY7_R0882-S0001_A68701_CUB35DAY7H9_H3VY5DRX2_ATCTCAGG-CTTAATAG_L001_R1.fastq.gz,/ei/cb/development/lany/CB-GENANNO-525_Charlotte_Utting_EI_CU_ENQ-5286_A_01/Reads/CUB35DAY7_R0882-S0001_A68701_CUB35DAY7H9_H3VY5DRX2_ATCTCAGG-CTTAATAG_L001_R2.fastq.gz
CUB37DAY0A1,/ei/cb/development/lany/CB-GENANNO-525_Charlotte_Utting_EI_CU_ENQ-5286_A_01/Reads/CUB37DAY0_R0882-S0001_A68701_CUB37DAY0A1_H3VY5DRX2_ACTCGCTA-ATAGAGAG_L001_R1.fastq.gz,/ei/cb/development/lany/CB-GENANNO-525_Charlotte_Utting_EI_CU_ENQ-5286_A_01/Reads/CUB37DAY0_R0882-S0001_A68701_CUB37DAY0A1_H3VY5DRX2_ACTCGCTA-ATAGAGAG_L001_R2.fastq.gz
CUB37DAY0A10,/ei/cb/development/lany/CB-GENANNO-525_Charlotte_Utting_EI_CU_ENQ-5286_A_01/Reads/CUB37DAY0_R0882-S0001_A68701_CUB37DAY0A10_H3VY5DRX2_GGAGCTAC-AGAGGATA_L001_R1.fastq.gz,/ei/cb/development/lany/CB-GENANNO-525_Charlotte_Utting_EI_CU_ENQ-5286_A_01/Reads/CUB37DAY0_R0882-S0001_A68701_CUB37DAY0A10_H3VY5DRX2_GGAGCTAC-AGAGGATA_L001_R2.fastq.gz
CUB37DAY0A11,/ei/cb/development/lany/CB-GENANNO-525_Charlotte_Utting_EI_CU_ENQ-5286_A_01/Reads/CUB37DAY0_R0882-S0001_A68701_CUB37DAY0A11_H3VY5DRX2_GGAGCTAC-CTCCTTAC_L001_R1.fastq.gz,/ei/cb/development/lany/CB-GENANNO-525_Charlotte_Utting_EI_CU_ENQ-5286_A_01/Reads/CUB37DAY0_R0882-S0001_A68701_CUB37DAY0A11_H3VY5DRX2_GGAGCTAC-CTCCTTAC_L001_R2.fastq.gz
CUB37DAY0A12,/ei/cb/development/lany/CB-GENANNO-525_Charlotte_Utting_EI_CU_ENQ-5286_A_01/Reads/CUB37DAY0_R0882-S0001_A68701_CUB37DAY0A12_H3VY5DRX2_GGAGCTAC-TATGCAGT_L001_R1.fastq.gz,/ei/cb/development/lany/CB-GENANNO-525_Charlotte_Utting_EI_CU_ENQ-5286_A_01/Reads/CUB37DAY0_R0882-S0001_A68701_CUB37DAY0A12_H3VY5DRX2_GGAGCTAC-TATGCAGT_L001_R2.fastq.gz
CUB37DAY0A2,/ei/cb/development/lany/CB-GENANNO-525_Charlotte_Utting_EI_CU_ENQ-5286_A_01/Reads/CUB37DAY0_R0882-S0001_A68701_CUB37DAY0A2_H3VY5DRX2_ACTCGCTA-AGAGGATA_L001_R1.fastq.gz,/ei/cb/development/lany/CB-GENANNO-525_Charlotte_Utting_EI_CU_ENQ-5286_A_01/Reads/CUB37DAY0_R0882-S0001_A68701_CUB37DAY0A2_H3VY5DRX2_ACTCGCTA-AGAGGATA_L001_R2.fastq.gz
CUB37DAY0A3,/ei/cb/development/lany/CB-GENANNO-525_Charlotte_Utting_EI_CU_ENQ-5286_A_01/Reads/CUB37DAY0_R0882-S0001_A68701_CUB37DAY0A3_H3VY5DRX2_ACTCGCTA-CTCCTTAC_L001_R1.fastq.gz,/ei/cb/development/lany/CB-GENANNO-525_Charlotte_Utting_EI_CU_ENQ-5286_A_01/Reads/CUB37DAY0_R0882-S0001_A68701_CUB37DAY0A3_H3VY5DRX2_ACTCGCTA-CTCCTTAC_L001_R2.fastq.gz
CUB37DAY0A4,/ei/cb/development/lany/CB-GENANNO-525_Charlotte_Utting_EI_CU_ENQ-5286_A_01/Reads/CUB37DAY0_R0882-S0001_A68701_CUB37DAY0A4_H3VY5DRX2_ACTCGCTA-TATGCAGT_L001_R1.fastq.gz,/ei/cb/development/lany/CB-GENANNO-525_Charlotte_Utting_EI_CU_ENQ-5286_A_01/Reads/CUB37DAY0_R0882-S0001_A68701_CUB37DAY0A4_H3VY5DRX2_ACTCGCTA-TATGCAGT_L001_R2.fastq.gz
CUB37DAY0A5,/ei/cb/development/lany/CB-GENANNO-525_Charlotte_Utting_EI_CU_ENQ-5286_A_01/Reads/CUB37DAY0_R0882-S0001_A68701_CUB37DAY0A5_H3VY5DRX2_ACTCGCTA-TACTCCTT_L001_R1.fastq.gz,/ei/cb/development/lany/CB-GENANNO-525_Charlotte_Utting_EI_CU_ENQ-5286_A_01/Reads/CUB37DAY0_R0882-S0001_A68701_CUB37DAY0A5_H3VY5DRX2_ACTCGCTA-TACTCCTT_L001_R2.fastq.gz
CUB37DAY0A6,/ei/cb/development/lany/CB-GENANNO-525_Charlotte_Utting_EI_CU_ENQ-5286_A_01/Reads/CUB37DAY0_R0882-S0001_A68701_CUB37DAY0A6_H3VY5DRX2_ACTCGCTA-AGGCTTAG_L001_R1.fastq.gz,/ei/cb/development/lany/CB-GENANNO-525_Charlotte_Utting_EI_CU_ENQ-5286_A_01/Reads/CUB37DAY0_R0882-S0001_A68701_CUB37DAY0A6_H3VY5DRX2_ACTCGCTA-AGGCTTAG_L001_R2.fastq.gz
CUB37DAY0A7,/ei/cb/development/lany/CB-GENANNO-525_Charlotte_Utting_EI_CU_ENQ-5286_A_01/Reads/CUB37DAY0_R0882-S0001_A68701_CUB37DAY0A7_H3VY5DRX2_ACTCGCTA-ATTAGACG_L001_R1.fastq.gz,/ei/cb/development/lany/CB-GENANNO-525_Charlotte_Utting_EI_CU_ENQ-5286_A_01/Reads/CUB37DAY0_R0882-S0001_A68701_CUB37DAY0A7_H3VY5DRX2_ACTCGCTA-ATTAGACG_L001_R2.fastq.gz
CUB37DAY0A8,/ei/cb/development/lany/CB-GENANNO-525_Charlotte_Utting_EI_CU_ENQ-5286_A_01/Reads/CUB37DAY0_R0882-S0001_A68701_CUB37DAY0A8_H3VY5DRX2_ACTCGCTA-CGGAGAGA_L001_R1.fastq.gz,/ei/cb/development/lany/CB-GENANNO-525_Charlotte_Utting_EI_CU_ENQ-5286_A_01/Reads/CUB37DAY0_R0882-S0001_A68701_CUB37DAY0A8_H3VY5DRX2_ACTCGCTA-CGGAGAGA_L001_R2.fastq.gz
CUB37DAY0A9,/ei/cb/development/lany/CB-GENANNO-525_Charlotte_Utting_EI_CU_ENQ-5286_A_01/Reads/CUB37DAY0_R0882-S0001_A68701_CUB37DAY0A9_H3VY5DRX2_GGAGCTAC-ATAGAGAG_L001_R1.fastq.gz,/ei/cb/development/lany/CB-GENANNO-525_Charlotte_Utting_EI_CU_ENQ-5286_A_01/Reads/CUB37DAY0_R0882-S0001_A68701_CUB37DAY0A9_H3VY5DRX2_GGAGCTAC-ATAGAGAG_L001_R2.fastq.gz
CUB37DAY0B1,/ei/cb/development/lany/CB-GENANNO-525_Charlotte_Utting_EI_CU_ENQ-5286_A_01/Reads/CUB37DAY0_R0882-S0001_A68701_CUB37DAY0B1_H3VY5DRX2_GGAGCTAC-TACTCCTT_L001_R1.fastq.gz,/ei/cb/development/lany/CB-GENANNO-525_Charlotte_Utting_EI_CU_ENQ-5286_A_01/Reads/CUB37DAY0_R0882-S0001_A68701_CUB37DAY0B1_H3VY5DRX2_GGAGCTAC-TACTCCTT_L001_R2.fastq.gz
CUB37DAY0B10,/ei/cb/development/lany/CB-GENANNO-525_Charlotte_Utting_EI_CU_ENQ-5286_A_01/Reads/CUB37DAY0_R0882-S0001_A68701_CUB37DAY0B10_H3VY5DRX2_GCGTAGTA-AGGCTTAG_L001_R1.fastq.gz,/ei/cb/development/lany/CB-GENANNO-525_Charlotte_Utting_EI_CU_ENQ-5286_A_01/Reads/CUB37DAY0_R0882-S0001_A68701_CUB37DAY0B10_H3VY5DRX2_GCGTAGTA-AGGCTTAG_L001_R2.fastq.gz
CUB37DAY0B11,/ei/cb/development/lany/CB-GENANNO-525_Charlotte_Utting_EI_CU_ENQ-5286_A_01/Reads/CUB37DAY0_R0882-S0001_A68701_CUB37DAY0B11_H3VY5DRX2_GCGTAGTA-ATTAGACG_L001_R1.fastq.gz,/ei/cb/development/lany/CB-GENANNO-525_Charlotte_Utting_EI_CU_ENQ-5286_A_01/Reads/CUB37DAY0_R0882-S0001_A68701_CUB37DAY0B11_H3VY5DRX2_GCGTAGTA-ATTAGACG_L001_R2.fastq.gz
CUB37DAY0B12,/ei/cb/development/lany/CB-GENANNO-525_Charlotte_Utting_EI_CU_ENQ-5286_A_01/Reads/CUB37DAY0_R0882-S0001_A68701_CUB37DAY0B12_H3VY5DRX2_GCGTAGTA-CGGAGAGA_L001_R1.fastq.gz,/ei/cb/development/lany/CB-GENANNO-525_Charlotte_Utting_EI_CU_ENQ-5286_A_01/Reads/CUB37DAY0_R0882-S0001_A68701_CUB37DAY0B12_H3VY5DRX2_GCGTAGTA-CGGAGAGA_L001_R2.fastq.gz
CUB37DAY0B2,/ei/cb/development/lany/CB-GENANNO-525_Charlotte_Utting_EI_CU_ENQ-5286_A_01/Reads/CUB37DAY0_R0882-S0001_A68701_CUB37DAY0B2_H3VY5DRX2_GGAGCTAC-AGGCTTAG_L001_R1.fastq.gz,/ei/cb/development/lany/CB-GENANNO-525_Charlotte_Utting_EI_CU_ENQ-5286_A_01/Reads/CUB37DAY0_R0882-S0001_A68701_CUB37DAY0B2_H3VY5DRX2_GGAGCTAC-AGGCTTAG_L001_R2.fastq.gz
CUB37DAY0B3,/ei/cb/development/lany/CB-GENANNO-525_Charlotte_Utting_EI_CU_ENQ-5286_A_01/Reads/CUB37DAY0_R0882-S0001_A68701_CUB37DAY0B3_H3VY5DRX2_GGAGCTAC-ATTAGACG_L001_R1.fastq.gz,/ei/cb/development/lany/CB-GENANNO-525_Charlotte_Utting_EI_CU_ENQ-5286_A_01/Reads/CUB37DAY0_R0882-S0001_A68701_CUB37DAY0B3_H3VY5DRX2_GGAGCTAC-ATTAGACG_L001_R2.fastq.gz
CUB37DAY0B4,/ei/cb/development/lany/CB-GENANNO-525_Charlotte_Utting_EI_CU_ENQ-5286_A_01/Reads/CUB37DAY0_R0882-S0001_A68701_CUB37DAY0B4_H3VY5DRX2_GGAGCTAC-CGGAGAGA_L001_R1.fastq.gz,/ei/cb/development/lany/CB-GENANNO-525_Charlotte_Utting_EI_CU_ENQ-5286_A_01/Reads/CUB37DAY0_R0882-S0001_A68701_CUB37DAY0B4_H3VY5DRX2_GGAGCTAC-CGGAGAGA_L001_R2.fastq.gz
CUB37DAY0B5,/ei/cb/development/lany/CB-GENANNO-525_Charlotte_Utting_EI_CU_ENQ-5286_A_01/Reads/CUB37DAY0_R0882-S0001_A68701_CUB37DAY0B5_H3VY5DRX2_GCGTAGTA-ATAGAGAG_L001_R1.fastq.gz,/ei/cb/development/lany/CB-GENANNO-525_Charlotte_Utting_EI_CU_ENQ-5286_A_01/Reads/CUB37DAY0_R0882-S0001_A68701_CUB37DAY0B5_H3VY5DRX2_GCGTAGTA-ATAGAGAG_L001_R2.fastq.gz
CUB37DAY0B6,/ei/cb/development/lany/CB-GENANNO-525_Charlotte_Utting_EI_CU_ENQ-5286_A_01/Reads/CUB37DAY0_R0882-S0001_A68701_CUB37DAY0B6_H3VY5DRX2_GCGTAGTA-AGAGGATA_L001_R1.fastq.gz,/ei/cb/development/lany/CB-GENANNO-525_Charlotte_Utting_EI_CU_ENQ-5286_A_01/Reads/CUB37DAY0_R0882-S0001_A68701_CUB37DAY0B6_H3VY5DRX2_GCGTAGTA-AGAGGATA_L001_R2.fastq.gz
CUB37DAY0B7,/ei/cb/development/lany/CB-GENANNO-525_Charlotte_Utting_EI_CU_ENQ-5286_A_01/Reads/CUB37DAY0_R0882-S0001_A68701_CUB37DAY0B7_H3VY5DRX2_GCGTAGTA-CTCCTTAC_L001_R1.fastq.gz,/ei/cb/development/lany/CB-GENANNO-525_Charlotte_Utting_EI_CU_ENQ-5286_A_01/Reads/CUB37DAY0_R0882-S0001_A68701_CUB37DAY0B7_H3VY5DRX2_GCGTAGTA-CTCCTTAC_L001_R2.fastq.gz
CUB37DAY0B8,/ei/cb/development/lany/CB-GENANNO-525_Charlotte_Utting_EI_CU_ENQ-5286_A_01/Reads/CUB37DAY0_R0882-S0001_A68701_CUB37DAY0B8_H3VY5DRX2_GCGTAGTA-TATGCAGT_L001_R1.fastq.gz,/ei/cb/development/lany/CB-GENANNO-525_Charlotte_Utting_EI_CU_ENQ-5286_A_01/Reads/CUB37DAY0_R0882-S0001_A68701_CUB37DAY0B8_H3VY5DRX2_GCGTAGTA-TATGCAGT_L001_R2.fastq.gz
CUB37DAY0B9,/ei/cb/development/lany/CB-GENANNO-525_Charlotte_Utting_EI_CU_ENQ-5286_A_01/Reads/CUB37DAY0_R0882-S0001_A68701_CUB37DAY0B9_H3VY5DRX2_GCGTAGTA-TACTCCTT_L001_R1.fastq.gz,/ei/cb/development/lany/CB-GENANNO-525_Charlotte_Utting_EI_CU_ENQ-5286_A_01/Reads/CUB37DAY0_R0882-S0001_A68701_CUB37DAY0B9_H3VY5DRX2_GCGTAGTA-TACTCCTT_L001_R2.fastq.gz
CUB37DAY0C1,/ei/cb/development/lany/CB-GENANNO-525_Charlotte_Utting_EI_CU_ENQ-5286_A_01/Reads/CUB37DAY0_R0882-S0001_A68701_CUB37DAY0C1_H3VY5DRX2_CGGAGCCT-ATAGAGAG_L001_R1.fastq.gz,/ei/cb/development/lany/CB-GENANNO-525_Charlotte_Utting_EI_CU_ENQ-5286_A_01/Reads/CUB37DAY0_R0882-S0001_A68701_CUB37DAY0C1_H3VY5DRX2_CGGAGCCT-ATAGAGAG_L001_R2.fastq.gz
CUB37DAY0C10,/ei/cb/development/lany/CB-GENANNO-525_Charlotte_Utting_EI_CU_ENQ-5286_A_01/Reads/CUB37DAY0_R0882-S0001_A68701_CUB37DAY0C10_H3VY5DRX2_TACGCTGC-AGAGGATA_L001_R1.fastq.gz,/ei/cb/development/lany/CB-GENANNO-525_Charlotte_Utting_EI_CU_ENQ-5286_A_01/Reads/CUB37DAY0_R0882-S0001_A68701_CUB37DAY0C10_H3VY5DRX2_TACGCTGC-AGAGGATA_L001_R2.fastq.gz
CUB37DAY0C11,/ei/cb/development/lany/CB-GENANNO-525_Charlotte_Utting_EI_CU_ENQ-5286_A_01/Reads/CUB37DAY0_R0882-S0001_A68701_CUB37DAY0C11_H3VY5DRX2_TACGCTGC-CTCCTTAC_L001_R1.fastq.gz,/ei/cb/development/lany/CB-GENANNO-525_Charlotte_Utting_EI_CU_ENQ-5286_A_01/Reads/CUB37DAY0_R0882-S0001_A68701_CUB37DAY0C11_H3VY5DRX2_TACGCTGC-CTCCTTAC_L001_R2.fastq.gz
CUB37DAY0C12,/ei/cb/development/lany/CB-GENANNO-525_Charlotte_Utting_EI_CU_ENQ-5286_A_01/Reads/CUB37DAY0_R0882-S0001_A68701_CUB37DAY0C12_H3VY5DRX2_TACGCTGC-TATGCAGT_L001_R1.fastq.gz,/ei/cb/development/lany/CB-GENANNO-525_Charlotte_Utting_EI_CU_ENQ-5286_A_01/Reads/CUB37DAY0_R0882-S0001_A68701_CUB37DAY0C12_H3VY5DRX2_TACGCTGC-TATGCAGT_L001_R2.fastq.gz
CUB37DAY0C2,/ei/cb/development/lany/CB-GENANNO-525_Charlotte_Utting_EI_CU_ENQ-5286_A_01/Reads/CUB37DAY0_R0882-S0001_A68701_CUB37DAY0C2_H3VY5DRX2_CGGAGCCT-AGAGGATA_L001_R1.fastq.gz,/ei/cb/development/lany/CB-GENANNO-525_Charlotte_Utting_EI_CU_ENQ-5286_A_01/Reads/CUB37DAY0_R0882-S0001_A68701_CUB37DAY0C2_H3VY5DRX2_CGGAGCCT-AGAGGATA_L001_R2.fastq.gz
CUB37DAY0C3,/ei/cb/development/lany/CB-GENANNO-525_Charlotte_Utting_EI_CU_ENQ-5286_A_01/Reads/CUB37DAY0_R0882-S0001_A68701_CUB37DAY0C3_H3VY5DRX2_CGGAGCCT-CTCCTTAC_L001_R1.fastq.gz,/ei/cb/development/lany/CB-GENANNO-525_Charlotte_Utting_EI_CU_ENQ-5286_A_01/Reads/CUB37DAY0_R0882-S0001_A68701_CUB37DAY0C3_H3VY5DRX2_CGGAGCCT-CTCCTTAC_L001_R2.fastq.gz
CUB37DAY0C4,/ei/cb/development/lany/CB-GENANNO-525_Charlotte_Utting_EI_CU_ENQ-5286_A_01/Reads/CUB37DAY0_R0882-S0001_A68701_CUB37DAY0C4_H3VY5DRX2_CGGAGCCT-TATGCAGT_L001_R1.fastq.gz,/ei/cb/development/lany/CB-GENANNO-525_Charlotte_Utting_EI_CU_ENQ-5286_A_01/Reads/CUB37DAY0_R0882-S0001_A68701_CUB37DAY0C4_H3VY5DRX2_CGGAGCCT-TATGCAGT_L001_R2.fastq.gz
CUB37DAY0C5,/ei/cb/development/lany/CB-GENANNO-525_Charlotte_Utting_EI_CU_ENQ-5286_A_01/Reads/CUB37DAY0_R0882-S0001_A68701_CUB37DAY0C5_H3VY5DRX2_CGGAGCCT-TACTCCTT_L001_R1.fastq.gz,/ei/cb/development/lany/CB-GENANNO-525_Charlotte_Utting_EI_CU_ENQ-5286_A_01/Reads/CUB37DAY0_R0882-S0001_A68701_CUB37DAY0C5_H3VY5DRX2_CGGAGCCT-TACTCCTT_L001_R2.fastq.gz
CUB37DAY0C6,/ei/cb/development/lany/CB-GENANNO-525_Charlotte_Utting_EI_CU_ENQ-5286_A_01/Reads/CUB37DAY0_R0882-S0001_A68701_CUB37DAY0C6_H3VY5DRX2_CGGAGCCT-AGGCTTAG_L001_R1.fastq.gz,/ei/cb/development/lany/CB-GENANNO-525_Charlotte_Utting_EI_CU_ENQ-5286_A_01/Reads/CUB37DAY0_R0882-S0001_A68701_CUB37DAY0C6_H3VY5DRX2_CGGAGCCT-AGGCTTAG_L001_R2.fastq.gz
CUB37DAY0C7,/ei/cb/development/lany/CB-GENANNO-525_Charlotte_Utting_EI_CU_ENQ-5286_A_01/Reads/CUB37DAY0_R0882-S0001_A68701_CUB37DAY0C7_H3VY5DRX2_CGGAGCCT-ATTAGACG_L001_R1.fastq.gz,/ei/cb/development/lany/CB-GENANNO-525_Charlotte_Utting_EI_CU_ENQ-5286_A_01/Reads/CUB37DAY0_R0882-S0001_A68701_CUB37DAY0C7_H3VY5DRX2_CGGAGCCT-ATTAGACG_L001_R2.fastq.gz
CUB37DAY0C8,/ei/cb/development/lany/CB-GENANNO-525_Charlotte_Utting_EI_CU_ENQ-5286_A_01/Reads/CUB37DAY0_R0882-S0001_A68701_CUB37DAY0C8_H3VY5DRX2_CGGAGCCT-CGGAGAGA_L001_R1.fastq.gz,/ei/cb/development/lany/CB-GENANNO-525_Charlotte_Utting_EI_CU_ENQ-5286_A_01/Reads/CUB37DAY0_R0882-S0001_A68701_CUB37DAY0C8_H3VY5DRX2_CGGAGCCT-CGGAGAGA_L001_R2.fastq.gz
CUB37DAY0C9,/ei/cb/development/lany/CB-GENANNO-525_Charlotte_Utting_EI_CU_ENQ-5286_A_01/Reads/CUB37DAY0_R0882-S0001_A68701_CUB37DAY0C9_H3VY5DRX2_TACGCTGC-ATAGAGAG_L001_R1.fastq.gz,/ei/cb/development/lany/CB-GENANNO-525_Charlotte_Utting_EI_CU_ENQ-5286_A_01/Reads/CUB37DAY0_R0882-S0001_A68701_CUB37DAY0C9_H3VY5DRX2_TACGCTGC-ATAGAGAG_L001_R2.fastq.gz
CUB37DAY0D1,/ei/cb/development/lany/CB-GENANNO-525_Charlotte_Utting_EI_CU_ENQ-5286_A_01/Reads/CUB37DAY0_R0882-S0001_A68701_CUB37DAY0D1_H3VY5DRX2_TACGCTGC-TACTCCTT_L001_R1.fastq.gz,/ei/cb/development/lany/CB-GENANNO-525_Charlotte_Utting_EI_CU_ENQ-5286_A_01/Reads/CUB37DAY0_R0882-S0001_A68701_CUB37DAY0D1_H3VY5DRX2_TACGCTGC-TACTCCTT_L001_R2.fastq.gz
CUB37DAY0D10,/ei/cb/development/lany/CB-GENANNO-525_Charlotte_Utting_EI_CU_ENQ-5286_A_01/Reads/CUB37DAY0_R0882-S0001_A68701_CUB37DAY0D10_H3VY5DRX2_ATGCGCAG-AGGCTTAG_L001_R1.fastq.gz,/ei/cb/development/lany/CB-GENANNO-525_Charlotte_Utting_EI_CU_ENQ-5286_A_01/Reads/CUB37DAY0_R0882-S0001_A68701_CUB37DAY0D10_H3VY5DRX2_ATGCGCAG-AGGCTTAG_L001_R2.fastq.gz
CUB37DAY0D11,/ei/cb/development/lany/CB-GENANNO-525_Charlotte_Utting_EI_CU_ENQ-5286_A_01/Reads/CUB37DAY0_R0882-S0001_A68701_CUB37DAY0D11_H3VY5DRX2_ATGCGCAG-ATTAGACG_L001_R1.fastq.gz,/ei/cb/development/lany/CB-GENANNO-525_Charlotte_Utting_EI_CU_ENQ-5286_A_01/Reads/CUB37DAY0_R0882-S0001_A68701_CUB37DAY0D11_H3VY5DRX2_ATGCGCAG-ATTAGACG_L001_R2.fastq.gz
CUB37DAY0D12,/ei/cb/development/lany/CB-GENANNO-525_Charlotte_Utting_EI_CU_ENQ-5286_A_01/Reads/CUB37DAY0_R0882-S0001_A68701_CUB37DAY0D12_H3VY5DRX2_ATGCGCAG-CGGAGAGA_L001_R1.fastq.gz,/ei/cb/development/lany/CB-GENANNO-525_Charlotte_Utting_EI_CU_ENQ-5286_A_01/Reads/CUB37DAY0_R0882-S0001_A68701_CUB37DAY0D12_H3VY5DRX2_ATGCGCAG-CGGAGAGA_L001_R2.fastq.gz
CUB37DAY0D2,/ei/cb/development/lany/CB-GENANNO-525_Charlotte_Utting_EI_CU_ENQ-5286_A_01/Reads/CUB37DAY0_R0882-S0001_A68701_CUB37DAY0D2_H3VY5DRX2_TACGCTGC-AGGCTTAG_L001_R1.fastq.gz,/ei/cb/development/lany/CB-GENANNO-525_Charlotte_Utting_EI_CU_ENQ-5286_A_01/Reads/CUB37DAY0_R0882-S0001_A68701_CUB37DAY0D2_H3VY5DRX2_TACGCTGC-AGGCTTAG_L001_R2.fastq.gz
CUB37DAY0D3,/ei/cb/development/lany/CB-GENANNO-525_Charlotte_Utting_EI_CU_ENQ-5286_A_01/Reads/CUB37DAY0_R0882-S0001_A68701_CUB37DAY0D3_H3VY5DRX2_TACGCTGC-ATTAGACG_L001_R1.fastq.gz,/ei/cb/development/lany/CB-GENANNO-525_Charlotte_Utting_EI_CU_ENQ-5286_A_01/Reads/CUB37DAY0_R0882-S0001_A68701_CUB37DAY0D3_H3VY5DRX2_TACGCTGC-ATTAGACG_L001_R2.fastq.gz
CUB37DAY0D4,/ei/cb/development/lany/CB-GENANNO-525_Charlotte_Utting_EI_CU_ENQ-5286_A_01/Reads/CUB37DAY0_R0882-S0001_A68701_CUB37DAY0D4_H3VY5DRX2_TACGCTGC-CGGAGAGA_L001_R1.fastq.gz,/ei/cb/development/lany/CB-GENANNO-525_Charlotte_Utting_EI_CU_ENQ-5286_A_01/Reads/CUB37DAY0_R0882-S0001_A68701_CUB37DAY0D4_H3VY5DRX2_TACGCTGC-CGGAGAGA_L001_R2.fastq.gz
CUB37DAY0D5,/ei/cb/development/lany/CB-GENANNO-525_Charlotte_Utting_EI_CU_ENQ-5286_A_01/Reads/CUB37DAY0_R0882-S0001_A68701_CUB37DAY0D5_H3VY5DRX2_ATGCGCAG-ATAGAGAG_L001_R1.fastq.gz,/ei/cb/development/lany/CB-GENANNO-525_Charlotte_Utting_EI_CU_ENQ-5286_A_01/Reads/CUB37DAY0_R0882-S0001_A68701_CUB37DAY0D5_H3VY5DRX2_ATGCGCAG-ATAGAGAG_L001_R2.fastq.gz
CUB37DAY0D6,/ei/cb/development/lany/CB-GENANNO-525_Charlotte_Utting_EI_CU_ENQ-5286_A_01/Reads/CUB37DAY0_R0882-S0001_A68701_CUB37DAY0D6_H3VY5DRX2_ATGCGCAG-AGAGGATA_L001_R1.fastq.gz,/ei/cb/development/lany/CB-GENANNO-525_Charlotte_Utting_EI_CU_ENQ-5286_A_01/Reads/CUB37DAY0_R0882-S0001_A68701_CUB37DAY0D6_H3VY5DRX2_ATGCGCAG-AGAGGATA_L001_R2.fastq.gz
CUB37DAY0D7,/ei/cb/development/lany/CB-GENANNO-525_Charlotte_Utting_EI_CU_ENQ-5286_A_01/Reads/CUB37DAY0_R0882-S0001_A68701_CUB37DAY0D7_H3VY5DRX2_ATGCGCAG-CTCCTTAC_L001_R1.fastq.gz,/ei/cb/development/lany/CB-GENANNO-525_Charlotte_Utting_EI_CU_ENQ-5286_A_01/Reads/CUB37DAY0_R0882-S0001_A68701_CUB37DAY0D7_H3VY5DRX2_ATGCGCAG-CTCCTTAC_L001_R2.fastq.gz
CUB37DAY0D8,/ei/cb/development/lany/CB-GENANNO-525_Charlotte_Utting_EI_CU_ENQ-5286_A_01/Reads/CUB37DAY0_R0882-S0001_A68701_CUB37DAY0D8_H3VY5DRX2_ATGCGCAG-TATGCAGT_L001_R1.fastq.gz,/ei/cb/development/lany/CB-GENANNO-525_Charlotte_Utting_EI_CU_ENQ-5286_A_01/Reads/CUB37DAY0_R0882-S0001_A68701_CUB37DAY0D8_H3VY5DRX2_ATGCGCAG-TATGCAGT_L001_R2.fastq.gz
CUB37DAY0D9,/ei/cb/development/lany/CB-GENANNO-525_Charlotte_Utting_EI_CU_ENQ-5286_A_01/Reads/CUB37DAY0_R0882-S0001_A68701_CUB37DAY0D9_H3VY5DRX2_ATGCGCAG-TACTCCTT_L001_R1.fastq.gz,/ei/cb/development/lany/CB-GENANNO-525_Charlotte_Utting_EI_CU_ENQ-5286_A_01/Reads/CUB37DAY0_R0882-S0001_A68701_CUB37DAY0D9_H3VY5DRX2_ATGCGCAG-TACTCCTT_L001_R2.fastq.gz
CUB37DAY0E1,/ei/cb/development/lany/CB-GENANNO-525_Charlotte_Utting_EI_CU_ENQ-5286_A_01/Reads/CUB37DAY0_R0882-S0001_A68701_CUB37DAY0E1_H3VY5DRX2_TAGCGCTC-ATAGAGAG_L001_R1.fastq.gz,/ei/cb/development/lany/CB-GENANNO-525_Charlotte_Utting_EI_CU_ENQ-5286_A_01/Reads/CUB37DAY0_R0882-S0001_A68701_CUB37DAY0E1_H3VY5DRX2_TAGCGCTC-ATAGAGAG_L001_R2.fastq.gz
CUB37DAY0E10,/ei/cb/development/lany/CB-GENANNO-525_Charlotte_Utting_EI_CU_ENQ-5286_A_01/Reads/CUB37DAY0_R0882-S0001_A68701_CUB37DAY0E10_H3VY5DRX2_ACTGAGCG-AGAGGATA_L001_R1.fastq.gz,/ei/cb/development/lany/CB-GENANNO-525_Charlotte_Utting_EI_CU_ENQ-5286_A_01/Reads/CUB37DAY0_R0882-S0001_A68701_CUB37DAY0E10_H3VY5DRX2_ACTGAGCG-AGAGGATA_L001_R2.fastq.gz
CUB37DAY0E11,/ei/cb/development/lany/CB-GENANNO-525_Charlotte_Utting_EI_CU_ENQ-5286_A_01/Reads/CUB37DAY0_R0882-S0001_A68701_CUB37DAY0E11_H3VY5DRX2_ACTGAGCG-CTCCTTAC_L001_R1.fastq.gz,/ei/cb/development/lany/CB-GENANNO-525_Charlotte_Utting_EI_CU_ENQ-5286_A_01/Reads/CUB37DAY0_R0882-S0001_A68701_CUB37DAY0E11_H3VY5DRX2_ACTGAGCG-CTCCTTAC_L001_R2.fastq.gz
CUB37DAY0E12,/ei/cb/development/lany/CB-GENANNO-525_Charlotte_Utting_EI_CU_ENQ-5286_A_01/Reads/CUB37DAY0_R0882-S0001_A68701_CUB37DAY0E12_H3VY5DRX2_ACTGAGCG-TATGCAGT_L001_R1.fastq.gz,/ei/cb/development/lany/CB-GENANNO-525_Charlotte_Utting_EI_CU_ENQ-5286_A_01/Reads/CUB37DAY0_R0882-S0001_A68701_CUB37DAY0E12_H3VY5DRX2_ACTGAGCG-TATGCAGT_L001_R2.fastq.gz
CUB37DAY0E2,/ei/cb/development/lany/CB-GENANNO-525_Charlotte_Utting_EI_CU_ENQ-5286_A_01/Reads/CUB37DAY0_R0882-S0001_A68701_CUB37DAY0E2_H3VY5DRX2_TAGCGCTC-AGAGGATA_L001_R1.fastq.gz,/ei/cb/development/lany/CB-GENANNO-525_Charlotte_Utting_EI_CU_ENQ-5286_A_01/Reads/CUB37DAY0_R0882-S0001_A68701_CUB37DAY0E2_H3VY5DRX2_TAGCGCTC-AGAGGATA_L001_R2.fastq.gz
CUB37DAY0E3,/ei/cb/development/lany/CB-GENANNO-525_Charlotte_Utting_EI_CU_ENQ-5286_A_01/Reads/CUB37DAY0_R0882-S0001_A68701_CUB37DAY0E3_H3VY5DRX2_TAGCGCTC-CTCCTTAC_L001_R1.fastq.gz,/ei/cb/development/lany/CB-GENANNO-525_Charlotte_Utting_EI_CU_ENQ-5286_A_01/Reads/CUB37DAY0_R0882-S0001_A68701_CUB37DAY0E3_H3VY5DRX2_TAGCGCTC-CTCCTTAC_L001_R2.fastq.gz
CUB37DAY0E4,/ei/cb/development/lany/CB-GENANNO-525_Charlotte_Utting_EI_CU_ENQ-5286_A_01/Reads/CUB37DAY0_R0882-S0001_A68701_CUB37DAY0E4_H3VY5DRX2_TAGCGCTC-TATGCAGT_L001_R1.fastq.gz,/ei/cb/development/lany/CB-GENANNO-525_Charlotte_Utting_EI_CU_ENQ-5286_A_01/Reads/CUB37DAY0_R0882-S0001_A68701_CUB37DAY0E4_H3VY5DRX2_TAGCGCTC-TATGCAGT_L001_R2.fastq.gz
CUB37DAY0E5,/ei/cb/development/lany/CB-GENANNO-525_Charlotte_Utting_EI_CU_ENQ-5286_A_01/Reads/CUB37DAY0_R0882-S0001_A68701_CUB37DAY0E5_H3VY5DRX2_TAGCGCTC-TACTCCTT_L001_R1.fastq.gz,/ei/cb/development/lany/CB-GENANNO-525_Charlotte_Utting_EI_CU_ENQ-5286_A_01/Reads/CUB37DAY0_R0882-S0001_A68701_CUB37DAY0E5_H3VY5DRX2_TAGCGCTC-TACTCCTT_L001_R2.fastq.gz
CUB37DAY0E6,/ei/cb/development/lany/CB-GENANNO-525_Charlotte_Utting_EI_CU_ENQ-5286_A_01/Reads/CUB37DAY0_R0882-S0001_A68701_CUB37DAY0E6_H3VY5DRX2_TAGCGCTC-AGGCTTAG_L001_R1.fastq.gz,/ei/cb/development/lany/CB-GENANNO-525_Charlotte_Utting_EI_CU_ENQ-5286_A_01/Reads/CUB37DAY0_R0882-S0001_A68701_CUB37DAY0E6_H3VY5DRX2_TAGCGCTC-AGGCTTAG_L001_R2.fastq.gz
CUB37DAY0E7,/ei/cb/development/lany/CB-GENANNO-525_Charlotte_Utting_EI_CU_ENQ-5286_A_01/Reads/CUB37DAY0_R0882-S0001_A68701_CUB37DAY0E7_H3VY5DRX2_TAGCGCTC-ATTAGACG_L001_R1.fastq.gz,/ei/cb/development/lany/CB-GENANNO-525_Charlotte_Utting_EI_CU_ENQ-5286_A_01/Reads/CUB37DAY0_R0882-S0001_A68701_CUB37DAY0E7_H3VY5DRX2_TAGCGCTC-ATTAGACG_L001_R2.fastq.gz
CUB37DAY0E8,/ei/cb/development/lany/CB-GENANNO-525_Charlotte_Utting_EI_CU_ENQ-5286_A_01/Reads/CUB37DAY0_R0882-S0001_A68701_CUB37DAY0E8_H3VY5DRX2_TAGCGCTC-CGGAGAGA_L001_R1.fastq.gz,/ei/cb/development/lany/CB-GENANNO-525_Charlotte_Utting_EI_CU_ENQ-5286_A_01/Reads/CUB37DAY0_R0882-S0001_A68701_CUB37DAY0E8_H3VY5DRX2_TAGCGCTC-CGGAGAGA_L001_R2.fastq.gz
CUB37DAY0E9,/ei/cb/development/lany/CB-GENANNO-525_Charlotte_Utting_EI_CU_ENQ-5286_A_01/Reads/CUB37DAY0_R0882-S0001_A68701_CUB37DAY0E9_H3VY5DRX2_ACTGAGCG-ATAGAGAG_L001_R1.fastq.gz,/ei/cb/development/lany/CB-GENANNO-525_Charlotte_Utting_EI_CU_ENQ-5286_A_01/Reads/CUB37DAY0_R0882-S0001_A68701_CUB37DAY0E9_H3VY5DRX2_ACTGAGCG-ATAGAGAG_L001_R2.fastq.gz
CUB37DAY0F1,/ei/cb/development/lany/CB-GENANNO-525_Charlotte_Utting_EI_CU_ENQ-5286_A_01/Reads/CUB37DAY0_R0882-S0001_A68701_CUB37DAY0F1_H3VY5DRX2_ACTGAGCG-TACTCCTT_L001_R1.fastq.gz,/ei/cb/development/lany/CB-GENANNO-525_Charlotte_Utting_EI_CU_ENQ-5286_A_01/Reads/CUB37DAY0_R0882-S0001_A68701_CUB37DAY0F1_H3VY5DRX2_ACTGAGCG-TACTCCTT_L001_R2.fastq.gz
CUB37DAY0F10,/ei/cb/development/lany/CB-GENANNO-525_Charlotte_Utting_EI_CU_ENQ-5286_A_01/Reads/CUB37DAY0_R0882-S0001_A68701_CUB37DAY0F10_H3VY5DRX2_CCTAAGAC-AGGCTTAG_L001_R1.fastq.gz,/ei/cb/development/lany/CB-GENANNO-525_Charlotte_Utting_EI_CU_ENQ-5286_A_01/Reads/CUB37DAY0_R0882-S0001_A68701_CUB37DAY0F10_H3VY5DRX2_CCTAAGAC-AGGCTTAG_L001_R2.fastq.gz
CUB37DAY0F11,/ei/cb/development/lany/CB-GENANNO-525_Charlotte_Utting_EI_CU_ENQ-5286_A_01/Reads/CUB37DAY0_R0882-S0001_A68701_CUB37DAY0F11_H3VY5DRX2_CCTAAGAC-ATTAGACG_L001_R1.fastq.gz,/ei/cb/development/lany/CB-GENANNO-525_Charlotte_Utting_EI_CU_ENQ-5286_A_01/Reads/CUB37DAY0_R0882-S0001_A68701_CUB37DAY0F11_H3VY5DRX2_CCTAAGAC-ATTAGACG_L001_R2.fastq.gz
CUB37DAY0F12,/ei/cb/development/lany/CB-GENANNO-525_Charlotte_Utting_EI_CU_ENQ-5286_A_01/Reads/CUB37DAY0_R0882-S0001_A68701_CUB37DAY0F12_H3VY5DRX2_CCTAAGAC-CGGAGAGA_L001_R1.fastq.gz,/ei/cb/development/lany/CB-GENANNO-525_Charlotte_Utting_EI_CU_ENQ-5286_A_01/Reads/CUB37DAY0_R0882-S0001_A68701_CUB37DAY0F12_H3VY5DRX2_CCTAAGAC-CGGAGAGA_L001_R2.fastq.gz
CUB37DAY0F2,/ei/cb/development/lany/CB-GENANNO-525_Charlotte_Utting_EI_CU_ENQ-5286_A_01/Reads/CUB37DAY0_R0882-S0001_A68701_CUB37DAY0F2_H3VY5DRX2_ACTGAGCG-AGGCTTAG_L001_R1.fastq.gz,/ei/cb/development/lany/CB-GENANNO-525_Charlotte_Utting_EI_CU_ENQ-5286_A_01/Reads/CUB37DAY0_R0882-S0001_A68701_CUB37DAY0F2_H3VY5DRX2_ACTGAGCG-AGGCTTAG_L001_R2.fastq.gz
CUB37DAY0F3,/ei/cb/development/lany/CB-GENANNO-525_Charlotte_Utting_EI_CU_ENQ-5286_A_01/Reads/CUB37DAY0_R0882-S0001_A68701_CUB37DAY0F3_H3VY5DRX2_ACTGAGCG-ATTAGACG_L001_R1.fastq.gz,/ei/cb/development/lany/CB-GENANNO-525_Charlotte_Utting_EI_CU_ENQ-5286_A_01/Reads/CUB37DAY0_R0882-S0001_A68701_CUB37DAY0F3_H3VY5DRX2_ACTGAGCG-ATTAGACG_L001_R2.fastq.gz
CUB37DAY0F4,/ei/cb/development/lany/CB-GENANNO-525_Charlotte_Utting_EI_CU_ENQ-5286_A_01/Reads/CUB37DAY0_R0882-S0001_A68701_CUB37DAY0F4_H3VY5DRX2_ACTGAGCG-CGGAGAGA_L001_R1.fastq.gz,/ei/cb/development/lany/CB-GENANNO-525_Charlotte_Utting_EI_CU_ENQ-5286_A_01/Reads/CUB37DAY0_R0882-S0001_A68701_CUB37DAY0F4_H3VY5DRX2_ACTGAGCG-CGGAGAGA_L001_R2.fastq.gz
CUB37DAY0F5,/ei/cb/development/lany/CB-GENANNO-525_Charlotte_Utting_EI_CU_ENQ-5286_A_01/Reads/CUB37DAY0_R0882-S0001_A68701_CUB37DAY0F5_H3VY5DRX2_CCTAAGAC-ATAGAGAG_L001_R1.fastq.gz,/ei/cb/development/lany/CB-GENANNO-525_Charlotte_Utting_EI_CU_ENQ-5286_A_01/Reads/CUB37DAY0_R0882-S0001_A68701_CUB37DAY0F5_H3VY5DRX2_CCTAAGAC-ATAGAGAG_L001_R2.fastq.gz
CUB37DAY0F6,/ei/cb/development/lany/CB-GENANNO-525_Charlotte_Utting_EI_CU_ENQ-5286_A_01/Reads/CUB37DAY0_R0882-S0001_A68701_CUB37DAY0F6_H3VY5DRX2_CCTAAGAC-AGAGGATA_L001_R1.fastq.gz,/ei/cb/development/lany/CB-GENANNO-525_Charlotte_Utting_EI_CU_ENQ-5286_A_01/Reads/CUB37DAY0_R0882-S0001_A68701_CUB37DAY0F6_H3VY5DRX2_CCTAAGAC-AGAGGATA_L001_R2.fastq.gz
CUB37DAY0F7,/ei/cb/development/lany/CB-GENANNO-525_Charlotte_Utting_EI_CU_ENQ-5286_A_01/Reads/CUB37DAY0_R0882-S0001_A68701_CUB37DAY0F7_H3VY5DRX2_CCTAAGAC-CTCCTTAC_L001_R1.fastq.gz,/ei/cb/development/lany/CB-GENANNO-525_Charlotte_Utting_EI_CU_ENQ-5286_A_01/Reads/CUB37DAY0_R0882-S0001_A68701_CUB37DAY0F7_H3VY5DRX2_CCTAAGAC-CTCCTTAC_L001_R2.fastq.gz
CUB37DAY0F8,/ei/cb/development/lany/CB-GENANNO-525_Charlotte_Utting_EI_CU_ENQ-5286_A_01/Reads/CUB37DAY0_R0882-S0001_A68701_CUB37DAY0F8_H3VY5DRX2_CCTAAGAC-TATGCAGT_L001_R1.fastq.gz,/ei/cb/development/lany/CB-GENANNO-525_Charlotte_Utting_EI_CU_ENQ-5286_A_01/Reads/CUB37DAY0_R0882-S0001_A68701_CUB37DAY0F8_H3VY5DRX2_CCTAAGAC-TATGCAGT_L001_R2.fastq.gz
CUB37DAY0F9,/ei/cb/development/lany/CB-GENANNO-525_Charlotte_Utting_EI_CU_ENQ-5286_A_01/Reads/CUB37DAY0_R0882-S0001_A68701_CUB37DAY0F9_H3VY5DRX2_CCTAAGAC-TACTCCTT_L001_R1.fastq.gz,/ei/cb/development/lany/CB-GENANNO-525_Charlotte_Utting_EI_CU_ENQ-5286_A_01/Reads/CUB37DAY0_R0882-S0001_A68701_CUB37DAY0F9_H3VY5DRX2_CCTAAGAC-TACTCCTT_L001_R2.fastq.gz
CUB37DAY0G1,/ei/cb/development/lany/CB-GENANNO-525_Charlotte_Utting_EI_CU_ENQ-5286_A_01/Reads/CUB37DAY0_R0882-S0001_A68701_CUB37DAY0G1_H3VY5DRX2_CGATCAGT-ATAGAGAG_L001_R1.fastq.gz,/ei/cb/development/lany/CB-GENANNO-525_Charlotte_Utting_EI_CU_ENQ-5286_A_01/Reads/CUB37DAY0_R0882-S0001_A68701_CUB37DAY0G1_H3VY5DRX2_CGATCAGT-ATAGAGAG_L001_R2.fastq.gz
CUB37DAY0G10,/ei/cb/development/lany/CB-GENANNO-525_Charlotte_Utting_EI_CU_ENQ-5286_A_01/Reads/CUB37DAY0_R0882-S0001_A68701_CUB37DAY0G10_H3VY5DRX2_TGCAGCTA-AGAGGATA_L001_R1.fastq.gz,/ei/cb/development/lany/CB-GENANNO-525_Charlotte_Utting_EI_CU_ENQ-5286_A_01/Reads/CUB37DAY0_R0882-S0001_A68701_CUB37DAY0G10_H3VY5DRX2_TGCAGCTA-AGAGGATA_L001_R2.fastq.gz
CUB37DAY0G11,/ei/cb/development/lany/CB-GENANNO-525_Charlotte_Utting_EI_CU_ENQ-5286_A_01/Reads/CUB37DAY0_R0882-S0001_A68701_CUB37DAY0G11_H3VY5DRX2_TGCAGCTA-CTCCTTAC_L001_R1.fastq.gz,/ei/cb/development/lany/CB-GENANNO-525_Charlotte_Utting_EI_CU_ENQ-5286_A_01/Reads/CUB37DAY0_R0882-S0001_A68701_CUB37DAY0G11_H3VY5DRX2_TGCAGCTA-CTCCTTAC_L001_R2.fastq.gz
CUB37DAY0G12,/ei/cb/development/lany/CB-GENANNO-525_Charlotte_Utting_EI_CU_ENQ-5286_A_01/Reads/CUB37DAY0_R0882-S0001_A68701_CUB37DAY0G12_H3VY5DRX2_TGCAGCTA-TATGCAGT_L001_R1.fastq.gz,/ei/cb/development/lany/CB-GENANNO-525_Charlotte_Utting_EI_CU_ENQ-5286_A_01/Reads/CUB37DAY0_R0882-S0001_A68701_CUB37DAY0G12_H3VY5DRX2_TGCAGCTA-TATGCAGT_L001_R2.fastq.gz
CUB37DAY0G2,/ei/cb/development/lany/CB-GENANNO-525_Charlotte_Utting_EI_CU_ENQ-5286_A_01/Reads/CUB37DAY0_R0882-S0001_A68701_CUB37DAY0G2_H3VY5DRX2_CGATCAGT-AGAGGATA_L001_R1.fastq.gz,/ei/cb/development/lany/CB-GENANNO-525_Charlotte_Utting_EI_CU_ENQ-5286_A_01/Reads/CUB37DAY0_R0882-S0001_A68701_CUB37DAY0G2_H3VY5DRX2_CGATCAGT-AGAGGATA_L001_R2.fastq.gz
CUB37DAY0G4,/ei/cb/development/lany/CB-GENANNO-525_Charlotte_Utting_EI_CU_ENQ-5286_A_01/Reads/CUB37DAY0_R0882-S0001_A68701_CUB37DAY0G4_H3VY5DRX2_CGATCAGT-TATGCAGT_L001_R1.fastq.gz,/ei/cb/development/lany/CB-GENANNO-525_Charlotte_Utting_EI_CU_ENQ-5286_A_01/Reads/CUB37DAY0_R0882-S0001_A68701_CUB37DAY0G4_H3VY5DRX2_CGATCAGT-TATGCAGT_L001_R2.fastq.gz
CUB37DAY0G5,/ei/cb/development/lany/CB-GENANNO-525_Charlotte_Utting_EI_CU_ENQ-5286_A_01/Reads/CUB37DAY0_R0882-S0001_A68701_CUB37DAY0G5_H3VY5DRX2_CGATCAGT-TACTCCTT_L001_R1.fastq.gz,/ei/cb/development/lany/CB-GENANNO-525_Charlotte_Utting_EI_CU_ENQ-5286_A_01/Reads/CUB37DAY0_R0882-S0001_A68701_CUB37DAY0G5_H3VY5DRX2_CGATCAGT-TACTCCTT_L001_R2.fastq.gz
CUB37DAY0G6,/ei/cb/development/lany/CB-GENANNO-525_Charlotte_Utting_EI_CU_ENQ-5286_A_01/Reads/CUB37DAY0_R0882-S0001_A68701_CUB37DAY0G6_H3VY5DRX2_CGATCAGT-AGGCTTAG_L001_R1.fastq.gz,/ei/cb/development/lany/CB-GENANNO-525_Charlotte_Utting_EI_CU_ENQ-5286_A_01/Reads/CUB37DAY0_R0882-S0001_A68701_CUB37DAY0G6_H3VY5DRX2_CGATCAGT-AGGCTTAG_L001_R2.fastq.gz
CUB37DAY0G7,/ei/cb/development/lany/CB-GENANNO-525_Charlotte_Utting_EI_CU_ENQ-5286_A_01/Reads/CUB37DAY0_R0882-S0001_A68701_CUB37DAY0G7_H3VY5DRX2_CGATCAGT-ATTAGACG_L001_R1.fastq.gz,/ei/cb/development/lany/CB-GENANNO-525_Charlotte_Utting_EI_CU_ENQ-5286_A_01/Reads/CUB37DAY0_R0882-S0001_A68701_CUB37DAY0G7_H3VY5DRX2_CGATCAGT-ATTAGACG_L001_R2.fastq.gz
CUB37DAY0G8,/ei/cb/development/lany/CB-GENANNO-525_Charlotte_Utting_EI_CU_ENQ-5286_A_01/Reads/CUB37DAY0_R0882-S0001_A68701_CUB37DAY0G8_H3VY5DRX2_CGATCAGT-CGGAGAGA_L001_R1.fastq.gz,/ei/cb/development/lany/CB-GENANNO-525_Charlotte_Utting_EI_CU_ENQ-5286_A_01/Reads/CUB37DAY0_R0882-S0001_A68701_CUB37DAY0G8_H3VY5DRX2_CGATCAGT-CGGAGAGA_L001_R2.fastq.gz
CUB37DAY0G9,/ei/cb/development/lany/CB-GENANNO-525_Charlotte_Utting_EI_CU_ENQ-5286_A_01/Reads/CUB37DAY0_R0882-S0001_A68701_CUB37DAY0G9_H3VY5DRX2_TGCAGCTA-ATAGAGAG_L001_R1.fastq.gz,/ei/cb/development/lany/CB-GENANNO-525_Charlotte_Utting_EI_CU_ENQ-5286_A_01/Reads/CUB37DAY0_R0882-S0001_A68701_CUB37DAY0G9_H3VY5DRX2_TGCAGCTA-ATAGAGAG_L001_R2.fastq.gz
CUB37DAY0H1,/ei/cb/development/lany/CB-GENANNO-525_Charlotte_Utting_EI_CU_ENQ-5286_A_01/Reads/CUB37DAY0_R0882-S0001_A68701_CUB37DAY0H1_H3VY5DRX2_TGCAGCTA-TACTCCTT_L001_R1.fastq.gz,/ei/cb/development/lany/CB-GENANNO-525_Charlotte_Utting_EI_CU_ENQ-5286_A_01/Reads/CUB37DAY0_R0882-S0001_A68701_CUB37DAY0H1_H3VY5DRX2_TGCAGCTA-TACTCCTT_L001_R2.fastq.gz
CUB37DAY0H10,/ei/cb/development/lany/CB-GENANNO-525_Charlotte_Utting_EI_CU_ENQ-5286_A_01/Reads/CUB37DAY0_R0882-S0001_A68701_CUB37DAY0H10_H3VY5DRX2_TCGACGTC-AGGCTTAG_L001_R1.fastq.gz,/ei/cb/development/lany/CB-GENANNO-525_Charlotte_Utting_EI_CU_ENQ-5286_A_01/Reads/CUB37DAY0_R0882-S0001_A68701_CUB37DAY0H10_H3VY5DRX2_TCGACGTC-AGGCTTAG_L001_R2.fastq.gz
CUB37DAY0H11,/ei/cb/development/lany/CB-GENANNO-525_Charlotte_Utting_EI_CU_ENQ-5286_A_01/Reads/CUB37DAY0_R0882-S0001_A68701_CUB37DAY0H11_H3VY5DRX2_TCGACGTC-ATTAGACG_L001_R1.fastq.gz,/ei/cb/development/lany/CB-GENANNO-525_Charlotte_Utting_EI_CU_ENQ-5286_A_01/Reads/CUB37DAY0_R0882-S0001_A68701_CUB37DAY0H11_H3VY5DRX2_TCGACGTC-ATTAGACG_L001_R2.fastq.gz
CUB37DAY0H12,/ei/cb/development/lany/CB-GENANNO-525_Charlotte_Utting_EI_CU_ENQ-5286_A_01/Reads/CUB37DAY0_R0882-S0001_A68701_CUB37DAY0H12_H3VY5DRX2_TCGACGTC-CGGAGAGA_L001_R1.fastq.gz,/ei/cb/development/lany/CB-GENANNO-525_Charlotte_Utting_EI_CU_ENQ-5286_A_01/Reads/CUB37DAY0_R0882-S0001_A68701_CUB37DAY0H12_H3VY5DRX2_TCGACGTC-CGGAGAGA_L001_R2.fastq.gz
CUB37DAY0H2,/ei/cb/development/lany/CB-GENANNO-525_Charlotte_Utting_EI_CU_ENQ-5286_A_01/Reads/CUB37DAY0_R0882-S0001_A68701_CUB37DAY0H2_H3VY5DRX2_TGCAGCTA-AGGCTTAG_L001_R1.fastq.gz,/ei/cb/development/lany/CB-GENANNO-525_Charlotte_Utting_EI_CU_ENQ-5286_A_01/Reads/CUB37DAY0_R0882-S0001_A68701_CUB37DAY0H2_H3VY5DRX2_TGCAGCTA-AGGCTTAG_L001_R2.fastq.gz
CUB37DAY0H3,/ei/cb/development/lany/CB-GENANNO-525_Charlotte_Utting_EI_CU_ENQ-5286_A_01/Reads/CUB37DAY0_R0882-S0001_A68701_CUB37DAY0H3_H3VY5DRX2_TGCAGCTA-ATTAGACG_L001_R1.fastq.gz,/ei/cb/development/lany/CB-GENANNO-525_Charlotte_Utting_EI_CU_ENQ-5286_A_01/Reads/CUB37DAY0_R0882-S0001_A68701_CUB37DAY0H3_H3VY5DRX2_TGCAGCTA-ATTAGACG_L001_R2.fastq.gz
CUB37DAY0H4,/ei/cb/development/lany/CB-GENANNO-525_Charlotte_Utting_EI_CU_ENQ-5286_A_01/Reads/CUB37DAY0_R0882-S0001_A68701_CUB37DAY0H4_H3VY5DRX2_TGCAGCTA-CGGAGAGA_L001_R1.fastq.gz,/ei/cb/development/lany/CB-GENANNO-525_Charlotte_Utting_EI_CU_ENQ-5286_A_01/Reads/CUB37DAY0_R0882-S0001_A68701_CUB37DAY0H4_H3VY5DRX2_TGCAGCTA-CGGAGAGA_L001_R2.fastq.gz
CUB37DAY0H5,/ei/cb/development/lany/CB-GENANNO-525_Charlotte_Utting_EI_CU_ENQ-5286_A_01/Reads/CUB37DAY0_R0882-S0001_A68701_CUB37DAY0H5_H3VY5DRX2_TCGACGTC-ATAGAGAG_L001_R1.fastq.gz,/ei/cb/development/lany/CB-GENANNO-525_Charlotte_Utting_EI_CU_ENQ-5286_A_01/Reads/CUB37DAY0_R0882-S0001_A68701_CUB37DAY0H5_H3VY5DRX2_TCGACGTC-ATAGAGAG_L001_R2.fastq.gz
CUB37DAY0H6,/ei/cb/development/lany/CB-GENANNO-525_Charlotte_Utting_EI_CU_ENQ-5286_A_01/Reads/CUB37DAY0_R0882-S0001_A68701_CUB37DAY0H6_H3VY5DRX2_TCGACGTC-AGAGGATA_L001_R1.fastq.gz,/ei/cb/development/lany/CB-GENANNO-525_Charlotte_Utting_EI_CU_ENQ-5286_A_01/Reads/CUB37DAY0_R0882-S0001_A68701_CUB37DAY0H6_H3VY5DRX2_TCGACGTC-AGAGGATA_L001_R2.fastq.gz
CUB37DAY0H7,/ei/cb/development/lany/CB-GENANNO-525_Charlotte_Utting_EI_CU_ENQ-5286_A_01/Reads/CUB37DAY0_R0882-S0001_A68701_CUB37DAY0H7_H3VY5DRX2_TCGACGTC-CTCCTTAC_L001_R1.fastq.gz,/ei/cb/development/lany/CB-GENANNO-525_Charlotte_Utting_EI_CU_ENQ-5286_A_01/Reads/CUB37DAY0_R0882-S0001_A68701_CUB37DAY0H7_H3VY5DRX2_TCGACGTC-CTCCTTAC_L001_R2.fastq.gz
CUB37DAY0H8,/ei/cb/development/lany/CB-GENANNO-525_Charlotte_Utting_EI_CU_ENQ-5286_A_01/Reads/CUB37DAY0_R0882-S0001_A68701_CUB37DAY0H8_H3VY5DRX2_TCGACGTC-TATGCAGT_L001_R1.fastq.gz,/ei/cb/development/lany/CB-GENANNO-525_Charlotte_Utting_EI_CU_ENQ-5286_A_01/Reads/CUB37DAY0_R0882-S0001_A68701_CUB37DAY0H8_H3VY5DRX2_TCGACGTC-TATGCAGT_L001_R2.fastq.gz
CUB37DAY0H9,/ei/cb/development/lany/CB-GENANNO-525_Charlotte_Utting_EI_CU_ENQ-5286_A_01/Reads/CUB37DAY0_R0882-S0001_A68701_CUB37DAY0H9_H3VY5DRX2_TCGACGTC-TACTCCTT_L001_R1.fastq.gz,/ei/cb/development/lany/CB-GENANNO-525_Charlotte_Utting_EI_CU_ENQ-5286_A_01/Reads/CUB37DAY0_R0882-S0001_A68701_CUB37DAY0H9_H3VY5DRX2_TCGACGTC-TACTCCTT_L001_R2.fastq.gz
CUB37DAY7A1,/ei/cb/development/lany/CB-GENANNO-525_Charlotte_Utting_EI_CU_ENQ-5286_A_01/Reads/CUB37DAY7_R0882-S0001_A68701_CUB37DAY7A1_H3VY5DRX2_ACTCGCTA-CTAGTCGA_L001_R1.fastq.gz,/ei/cb/development/lany/CB-GENANNO-525_Charlotte_Utting_EI_CU_ENQ-5286_A_01/Reads/CUB37DAY7_R0882-S0001_A68701_CUB37DAY7A1_H3VY5DRX2_ACTCGCTA-CTAGTCGA_L001_R2.fastq.gz
CUB37DAY7A10,/ei/cb/development/lany/CB-GENANNO-525_Charlotte_Utting_EI_CU_ENQ-5286_A_01/Reads/CUB37DAY7_R0882-S0001_A68701_CUB37DAY7A10_H3VY5DRX2_GGAGCTAC-AGCTAGAA_L001_R1.fastq.gz,/ei/cb/development/lany/CB-GENANNO-525_Charlotte_Utting_EI_CU_ENQ-5286_A_01/Reads/CUB37DAY7_R0882-S0001_A68701_CUB37DAY7A10_H3VY5DRX2_GGAGCTAC-AGCTAGAA_L001_R2.fastq.gz
CUB37DAY7A11,/ei/cb/development/lany/CB-GENANNO-525_Charlotte_Utting_EI_CU_ENQ-5286_A_01/Reads/CUB37DAY7_R0882-S0001_A68701_CUB37DAY7A11_H3VY5DRX2_GGAGCTAC-ACTCTAGG_L001_R1.fastq.gz,/ei/cb/development/lany/CB-GENANNO-525_Charlotte_Utting_EI_CU_ENQ-5286_A_01/Reads/CUB37DAY7_R0882-S0001_A68701_CUB37DAY7A11_H3VY5DRX2_GGAGCTAC-ACTCTAGG_L001_R2.fastq.gz
CUB37DAY7A12,/ei/cb/development/lany/CB-GENANNO-525_Charlotte_Utting_EI_CU_ENQ-5286_A_01/Reads/CUB37DAY7_R0882-S0001_A68701_CUB37DAY7A12_H3VY5DRX2_GGAGCTAC-TCTTACGC_L001_R1.fastq.gz,/ei/cb/development/lany/CB-GENANNO-525_Charlotte_Utting_EI_CU_ENQ-5286_A_01/Reads/CUB37DAY7_R0882-S0001_A68701_CUB37DAY7A12_H3VY5DRX2_GGAGCTAC-TCTTACGC_L001_R2.fastq.gz
CUB37DAY7A2,/ei/cb/development/lany/CB-GENANNO-525_Charlotte_Utting_EI_CU_ENQ-5286_A_01/Reads/CUB37DAY7_R0882-S0001_A68701_CUB37DAY7A2_H3VY5DRX2_ACTCGCTA-AGCTAGAA_L001_R1.fastq.gz,/ei/cb/development/lany/CB-GENANNO-525_Charlotte_Utting_EI_CU_ENQ-5286_A_01/Reads/CUB37DAY7_R0882-S0001_A68701_CUB37DAY7A2_H3VY5DRX2_ACTCGCTA-AGCTAGAA_L001_R2.fastq.gz
CUB37DAY7A3,/ei/cb/development/lany/CB-GENANNO-525_Charlotte_Utting_EI_CU_ENQ-5286_A_01/Reads/CUB37DAY7_R0882-S0001_A68701_CUB37DAY7A3_H3VY5DRX2_ACTCGCTA-ACTCTAGG_L001_R1.fastq.gz,/ei/cb/development/lany/CB-GENANNO-525_Charlotte_Utting_EI_CU_ENQ-5286_A_01/Reads/CUB37DAY7_R0882-S0001_A68701_CUB37DAY7A3_H3VY5DRX2_ACTCGCTA-ACTCTAGG_L001_R2.fastq.gz
CUB37DAY7A4,/ei/cb/development/lany/CB-GENANNO-525_Charlotte_Utting_EI_CU_ENQ-5286_A_01/Reads/CUB37DAY7_R0882-S0001_A68701_CUB37DAY7A4_H3VY5DRX2_ACTCGCTA-TCTTACGC_L001_R1.fastq.gz,/ei/cb/development/lany/CB-GENANNO-525_Charlotte_Utting_EI_CU_ENQ-5286_A_01/Reads/CUB37DAY7_R0882-S0001_A68701_CUB37DAY7A4_H3VY5DRX2_ACTCGCTA-TCTTACGC_L001_R2.fastq.gz
CUB37DAY7A5,/ei/cb/development/lany/CB-GENANNO-525_Charlotte_Utting_EI_CU_ENQ-5286_A_01/Reads/CUB37DAY7_R0882-S0001_A68701_CUB37DAY7A5_H3VY5DRX2_ACTCGCTA-CTTAATAG_L001_R1.fastq.gz,/ei/cb/development/lany/CB-GENANNO-525_Charlotte_Utting_EI_CU_ENQ-5286_A_01/Reads/CUB37DAY7_R0882-S0001_A68701_CUB37DAY7A5_H3VY5DRX2_ACTCGCTA-CTTAATAG_L001_R2.fastq.gz
CUB37DAY7A6,/ei/cb/development/lany/CB-GENANNO-525_Charlotte_Utting_EI_CU_ENQ-5286_A_01/Reads/CUB37DAY7_R0882-S0001_A68701_CUB37DAY7A6_H3VY5DRX2_ACTCGCTA-ATAGCCTT_L001_R1.fastq.gz,/ei/cb/development/lany/CB-GENANNO-525_Charlotte_Utting_EI_CU_ENQ-5286_A_01/Reads/CUB37DAY7_R0882-S0001_A68701_CUB37DAY7A6_H3VY5DRX2_ACTCGCTA-ATAGCCTT_L001_R2.fastq.gz
CUB37DAY7A7,/ei/cb/development/lany/CB-GENANNO-525_Charlotte_Utting_EI_CU_ENQ-5286_A_01/Reads/CUB37DAY7_R0882-S0001_A68701_CUB37DAY7A7_H3VY5DRX2_ACTCGCTA-TAAGGCTC_L001_R1.fastq.gz,/ei/cb/development/lany/CB-GENANNO-525_Charlotte_Utting_EI_CU_ENQ-5286_A_01/Reads/CUB37DAY7_R0882-S0001_A68701_CUB37DAY7A7_H3VY5DRX2_ACTCGCTA-TAAGGCTC_L001_R2.fastq.gz
CUB37DAY7A8,/ei/cb/development/lany/CB-GENANNO-525_Charlotte_Utting_EI_CU_ENQ-5286_A_01/Reads/CUB37DAY7_R0882-S0001_A68701_CUB37DAY7A8_H3VY5DRX2_ACTCGCTA-TCGCATAA_L001_R1.fastq.gz,/ei/cb/development/lany/CB-GENANNO-525_Charlotte_Utting_EI_CU_ENQ-5286_A_01/Reads/CUB37DAY7_R0882-S0001_A68701_CUB37DAY7A8_H3VY5DRX2_ACTCGCTA-TCGCATAA_L001_R2.fastq.gz
CUB37DAY7A9,/ei/cb/development/lany/CB-GENANNO-525_Charlotte_Utting_EI_CU_ENQ-5286_A_01/Reads/CUB37DAY7_R0882-S0001_A68701_CUB37DAY7A9_H3VY5DRX2_GGAGCTAC-CTAGTCGA_L001_R1.fastq.gz,/ei/cb/development/lany/CB-GENANNO-525_Charlotte_Utting_EI_CU_ENQ-5286_A_01/Reads/CUB37DAY7_R0882-S0001_A68701_CUB37DAY7A9_H3VY5DRX2_GGAGCTAC-CTAGTCGA_L001_R2.fastq.gz
CUB37DAY7B1,/ei/cb/development/lany/CB-GENANNO-525_Charlotte_Utting_EI_CU_ENQ-5286_A_01/Reads/CUB37DAY7_R0882-S0001_A68701_CUB37DAY7B1_H3VY5DRX2_GGAGCTAC-CTTAATAG_L001_R1.fastq.gz,/ei/cb/development/lany/CB-GENANNO-525_Charlotte_Utting_EI_CU_ENQ-5286_A_01/Reads/CUB37DAY7_R0882-S0001_A68701_CUB37DAY7B1_H3VY5DRX2_GGAGCTAC-CTTAATAG_L001_R2.fastq.gz
CUB37DAY7B10,/ei/cb/development/lany/CB-GENANNO-525_Charlotte_Utting_EI_CU_ENQ-5286_A_01/Reads/CUB37DAY7_R0882-S0001_A68701_CUB37DAY7B10_H3VY5DRX2_GCGTAGTA-ATAGCCTT_L001_R1.fastq.gz,/ei/cb/development/lany/CB-GENANNO-525_Charlotte_Utting_EI_CU_ENQ-5286_A_01/Reads/CUB37DAY7_R0882-S0001_A68701_CUB37DAY7B10_H3VY5DRX2_GCGTAGTA-ATAGCCTT_L001_R2.fastq.gz
CUB37DAY7B11,/ei/cb/development/lany/CB-GENANNO-525_Charlotte_Utting_EI_CU_ENQ-5286_A_01/Reads/CUB37DAY7_R0882-S0001_A68701_CUB37DAY7B11_H3VY5DRX2_GCGTAGTA-TAAGGCTC_L001_R1.fastq.gz,/ei/cb/development/lany/CB-GENANNO-525_Charlotte_Utting_EI_CU_ENQ-5286_A_01/Reads/CUB37DAY7_R0882-S0001_A68701_CUB37DAY7B11_H3VY5DRX2_GCGTAGTA-TAAGGCTC_L001_R2.fastq.gz
CUB37DAY7B12,/ei/cb/development/lany/CB-GENANNO-525_Charlotte_Utting_EI_CU_ENQ-5286_A_01/Reads/CUB37DAY7_R0882-S0001_A68701_CUB37DAY7B12_H3VY5DRX2_GCGTAGTA-TCGCATAA_L001_R1.fastq.gz,/ei/cb/development/lany/CB-GENANNO-525_Charlotte_Utting_EI_CU_ENQ-5286_A_01/Reads/CUB37DAY7_R0882-S0001_A68701_CUB37DAY7B12_H3VY5DRX2_GCGTAGTA-TCGCATAA_L001_R2.fastq.gz
CUB37DAY7B2,/ei/cb/development/lany/CB-GENANNO-525_Charlotte_Utting_EI_CU_ENQ-5286_A_01/Reads/CUB37DAY7_R0882-S0001_A68701_CUB37DAY7B2_H3VY5DRX2_GGAGCTAC-ATAGCCTT_L001_R1.fastq.gz,/ei/cb/development/lany/CB-GENANNO-525_Charlotte_Utting_EI_CU_ENQ-5286_A_01/Reads/CUB37DAY7_R0882-S0001_A68701_CUB37DAY7B2_H3VY5DRX2_GGAGCTAC-ATAGCCTT_L001_R2.fastq.gz
CUB37DAY7B3,/ei/cb/development/lany/CB-GENANNO-525_Charlotte_Utting_EI_CU_ENQ-5286_A_01/Reads/CUB37DAY7_R0882-S0001_A68701_CUB37DAY7B3_H3VY5DRX2_GGAGCTAC-TAAGGCTC_L001_R1.fastq.gz,/ei/cb/development/lany/CB-GENANNO-525_Charlotte_Utting_EI_CU_ENQ-5286_A_01/Reads/CUB37DAY7_R0882-S0001_A68701_CUB37DAY7B3_H3VY5DRX2_GGAGCTAC-TAAGGCTC_L001_R2.fastq.gz
CUB37DAY7B4,/ei/cb/development/lany/CB-GENANNO-525_Charlotte_Utting_EI_CU_ENQ-5286_A_01/Reads/CUB37DAY7_R0882-S0001_A68701_CUB37DAY7B4_H3VY5DRX2_GGAGCTAC-TCGCATAA_L001_R1.fastq.gz,/ei/cb/development/lany/CB-GENANNO-525_Charlotte_Utting_EI_CU_ENQ-5286_A_01/Reads/CUB37DAY7_R0882-S0001_A68701_CUB37DAY7B4_H3VY5DRX2_GGAGCTAC-TCGCATAA_L001_R2.fastq.gz
CUB37DAY7B5,/ei/cb/development/lany/CB-GENANNO-525_Charlotte_Utting_EI_CU_ENQ-5286_A_01/Reads/CUB37DAY7_R0882-S0001_A68701_CUB37DAY7B5_H3VY5DRX2_GCGTAGTA-CTAGTCGA_L001_R1.fastq.gz,/ei/cb/development/lany/CB-GENANNO-525_Charlotte_Utting_EI_CU_ENQ-5286_A_01/Reads/CUB37DAY7_R0882-S0001_A68701_CUB37DAY7B5_H3VY5DRX2_GCGTAGTA-CTAGTCGA_L001_R2.fastq.gz
CUB37DAY7B6,/ei/cb/development/lany/CB-GENANNO-525_Charlotte_Utting_EI_CU_ENQ-5286_A_01/Reads/CUB37DAY7_R0882-S0001_A68701_CUB37DAY7B6_H3VY5DRX2_GCGTAGTA-AGCTAGAA_L001_R1.fastq.gz,/ei/cb/development/lany/CB-GENANNO-525_Charlotte_Utting_EI_CU_ENQ-5286_A_01/Reads/CUB37DAY7_R0882-S0001_A68701_CUB37DAY7B6_H3VY5DRX2_GCGTAGTA-AGCTAGAA_L001_R2.fastq.gz
CUB37DAY7B7,/ei/cb/development/lany/CB-GENANNO-525_Charlotte_Utting_EI_CU_ENQ-5286_A_01/Reads/CUB37DAY7_R0882-S0001_A68701_CUB37DAY7B7_H3VY5DRX2_GCGTAGTA-ACTCTAGG_L001_R1.fastq.gz,/ei/cb/development/lany/CB-GENANNO-525_Charlotte_Utting_EI_CU_ENQ-5286_A_01/Reads/CUB37DAY7_R0882-S0001_A68701_CUB37DAY7B7_H3VY5DRX2_GCGTAGTA-ACTCTAGG_L001_R2.fastq.gz
CUB37DAY7B8,/ei/cb/development/lany/CB-GENANNO-525_Charlotte_Utting_EI_CU_ENQ-5286_A_01/Reads/CUB37DAY7_R0882-S0001_A68701_CUB37DAY7B8_H3VY5DRX2_GCGTAGTA-TCTTACGC_L001_R1.fastq.gz,/ei/cb/development/lany/CB-GENANNO-525_Charlotte_Utting_EI_CU_ENQ-5286_A_01/Reads/CUB37DAY7_R0882-S0001_A68701_CUB37DAY7B8_H3VY5DRX2_GCGTAGTA-TCTTACGC_L001_R2.fastq.gz
CUB37DAY7B9,/ei/cb/development/lany/CB-GENANNO-525_Charlotte_Utting_EI_CU_ENQ-5286_A_01/Reads/CUB37DAY7_R0882-S0001_A68701_CUB37DAY7B9_H3VY5DRX2_GCGTAGTA-CTTAATAG_L001_R1.fastq.gz,/ei/cb/development/lany/CB-GENANNO-525_Charlotte_Utting_EI_CU_ENQ-5286_A_01/Reads/CUB37DAY7_R0882-S0001_A68701_CUB37DAY7B9_H3VY5DRX2_GCGTAGTA-CTTAATAG_L001_R2.fastq.gz
CUB37DAY7C1,/ei/cb/development/lany/CB-GENANNO-525_Charlotte_Utting_EI_CU_ENQ-5286_A_01/Reads/CUB37DAY7_R0882-S0001_A68701_CUB37DAY7C1_H3VY5DRX2_CGGAGCCT-CTAGTCGA_L001_R1.fastq.gz,/ei/cb/development/lany/CB-GENANNO-525_Charlotte_Utting_EI_CU_ENQ-5286_A_01/Reads/CUB37DAY7_R0882-S0001_A68701_CUB37DAY7C1_H3VY5DRX2_CGGAGCCT-CTAGTCGA_L001_R2.fastq.gz
CUB37DAY7C10,/ei/cb/development/lany/CB-GENANNO-525_Charlotte_Utting_EI_CU_ENQ-5286_A_01/Reads/CUB37DAY7_R0882-S0001_A68701_CUB37DAY7C10_H3VY5DRX2_TACGCTGC-AGCTAGAA_L001_R1.fastq.gz,/ei/cb/development/lany/CB-GENANNO-525_Charlotte_Utting_EI_CU_ENQ-5286_A_01/Reads/CUB37DAY7_R0882-S0001_A68701_CUB37DAY7C10_H3VY5DRX2_TACGCTGC-AGCTAGAA_L001_R2.fastq.gz
CUB37DAY7C11,/ei/cb/development/lany/CB-GENANNO-525_Charlotte_Utting_EI_CU_ENQ-5286_A_01/Reads/CUB37DAY7_R0882-S0001_A68701_CUB37DAY7C11_H3VY5DRX2_TACGCTGC-ACTCTAGG_L001_R1.fastq.gz,/ei/cb/development/lany/CB-GENANNO-525_Charlotte_Utting_EI_CU_ENQ-5286_A_01/Reads/CUB37DAY7_R0882-S0001_A68701_CUB37DAY7C11_H3VY5DRX2_TACGCTGC-ACTCTAGG_L001_R2.fastq.gz
CUB37DAY7C12,/ei/cb/development/lany/CB-GENANNO-525_Charlotte_Utting_EI_CU_ENQ-5286_A_01/Reads/CUB37DAY7_R0882-S0001_A68701_CUB37DAY7C12_H3VY5DRX2_TACGCTGC-TCTTACGC_L001_R1.fastq.gz,/ei/cb/development/lany/CB-GENANNO-525_Charlotte_Utting_EI_CU_ENQ-5286_A_01/Reads/CUB37DAY7_R0882-S0001_A68701_CUB37DAY7C12_H3VY5DRX2_TACGCTGC-TCTTACGC_L001_R2.fastq.gz
CUB37DAY7C2,/ei/cb/development/lany/CB-GENANNO-525_Charlotte_Utting_EI_CU_ENQ-5286_A_01/Reads/CUB37DAY7_R0882-S0001_A68701_CUB37DAY7C2_H3VY5DRX2_CGGAGCCT-AGCTAGAA_L001_R1.fastq.gz,/ei/cb/development/lany/CB-GENANNO-525_Charlotte_Utting_EI_CU_ENQ-5286_A_01/Reads/CUB37DAY7_R0882-S0001_A68701_CUB37DAY7C2_H3VY5DRX2_CGGAGCCT-AGCTAGAA_L001_R2.fastq.gz
CUB37DAY7C3,/ei/cb/development/lany/CB-GENANNO-525_Charlotte_Utting_EI_CU_ENQ-5286_A_01/Reads/CUB37DAY7_R0882-S0001_A68701_CUB37DAY7C3_H3VY5DRX2_CGGAGCCT-ACTCTAGG_L001_R1.fastq.gz,/ei/cb/development/lany/CB-GENANNO-525_Charlotte_Utting_EI_CU_ENQ-5286_A_01/Reads/CUB37DAY7_R0882-S0001_A68701_CUB37DAY7C3_H3VY5DRX2_CGGAGCCT-ACTCTAGG_L001_R2.fastq.gz
CUB37DAY7C4,/ei/cb/development/lany/CB-GENANNO-525_Charlotte_Utting_EI_CU_ENQ-5286_A_01/Reads/CUB37DAY7_R0882-S0001_A68701_CUB37DAY7C4_H3VY5DRX2_CGGAGCCT-TCTTACGC_L001_R1.fastq.gz,/ei/cb/development/lany/CB-GENANNO-525_Charlotte_Utting_EI_CU_ENQ-5286_A_01/Reads/CUB37DAY7_R0882-S0001_A68701_CUB37DAY7C4_H3VY5DRX2_CGGAGCCT-TCTTACGC_L001_R2.fastq.gz
CUB37DAY7C5,/ei/cb/development/lany/CB-GENANNO-525_Charlotte_Utting_EI_CU_ENQ-5286_A_01/Reads/CUB37DAY7_R0882-S0001_A68701_CUB37DAY7C5_H3VY5DRX2_CGGAGCCT-CTTAATAG_L001_R1.fastq.gz,/ei/cb/development/lany/CB-GENANNO-525_Charlotte_Utting_EI_CU_ENQ-5286_A_01/Reads/CUB37DAY7_R0882-S0001_A68701_CUB37DAY7C5_H3VY5DRX2_CGGAGCCT-CTTAATAG_L001_R2.fastq.gz
CUB37DAY7C6,/ei/cb/development/lany/CB-GENANNO-525_Charlotte_Utting_EI_CU_ENQ-5286_A_01/Reads/CUB37DAY7_R0882-S0001_A68701_CUB37DAY7C6_H3VY5DRX2_CGGAGCCT-ATAGCCTT_L001_R1.fastq.gz,/ei/cb/development/lany/CB-GENANNO-525_Charlotte_Utting_EI_CU_ENQ-5286_A_01/Reads/CUB37DAY7_R0882-S0001_A68701_CUB37DAY7C6_H3VY5DRX2_CGGAGCCT-ATAGCCTT_L001_R2.fastq.gz
CUB37DAY7C7,/ei/cb/development/lany/CB-GENANNO-525_Charlotte_Utting_EI_CU_ENQ-5286_A_01/Reads/CUB37DAY7_R0882-S0001_A68701_CUB37DAY7C7_H3VY5DRX2_CGGAGCCT-TAAGGCTC_L001_R1.fastq.gz,/ei/cb/development/lany/CB-GENANNO-525_Charlotte_Utting_EI_CU_ENQ-5286_A_01/Reads/CUB37DAY7_R0882-S0001_A68701_CUB37DAY7C7_H3VY5DRX2_CGGAGCCT-TAAGGCTC_L001_R2.fastq.gz
CUB37DAY7C8,/ei/cb/development/lany/CB-GENANNO-525_Charlotte_Utting_EI_CU_ENQ-5286_A_01/Reads/CUB37DAY7_R0882-S0001_A68701_CUB37DAY7C8_H3VY5DRX2_CGGAGCCT-TCGCATAA_L001_R1.fastq.gz,/ei/cb/development/lany/CB-GENANNO-525_Charlotte_Utting_EI_CU_ENQ-5286_A_01/Reads/CUB37DAY7_R0882-S0001_A68701_CUB37DAY7C8_H3VY5DRX2_CGGAGCCT-TCGCATAA_L001_R2.fastq.gz
CUB37DAY7C9,/ei/cb/development/lany/CB-GENANNO-525_Charlotte_Utting_EI_CU_ENQ-5286_A_01/Reads/CUB37DAY7_R0882-S0001_A68701_CUB37DAY7C9_H3VY5DRX2_TACGCTGC-CTAGTCGA_L001_R1.fastq.gz,/ei/cb/development/lany/CB-GENANNO-525_Charlotte_Utting_EI_CU_ENQ-5286_A_01/Reads/CUB37DAY7_R0882-S0001_A68701_CUB37DAY7C9_H3VY5DRX2_TACGCTGC-CTAGTCGA_L001_R2.fastq.gz
CUB37DAY7D1,/ei/cb/development/lany/CB-GENANNO-525_Charlotte_Utting_EI_CU_ENQ-5286_A_01/Reads/CUB37DAY7_R0882-S0001_A68701_CUB37DAY7D1_H3VY5DRX2_TACGCTGC-CTTAATAG_L001_R1.fastq.gz,/ei/cb/development/lany/CB-GENANNO-525_Charlotte_Utting_EI_CU_ENQ-5286_A_01/Reads/CUB37DAY7_R0882-S0001_A68701_CUB37DAY7D1_H3VY5DRX2_TACGCTGC-CTTAATAG_L001_R2.fastq.gz
CUB37DAY7D10,/ei/cb/development/lany/CB-GENANNO-525_Charlotte_Utting_EI_CU_ENQ-5286_A_01/Reads/CUB37DAY7_R0882-S0001_A68701_CUB37DAY7D10_H3VY5DRX2_ATGCGCAG-ATAGCCTT_L001_R1.fastq.gz,/ei/cb/development/lany/CB-GENANNO-525_Charlotte_Utting_EI_CU_ENQ-5286_A_01/Reads/CUB37DAY7_R0882-S0001_A68701_CUB37DAY7D10_H3VY5DRX2_ATGCGCAG-ATAGCCTT_L001_R2.fastq.gz
CUB37DAY7D11,/ei/cb/development/lany/CB-GENANNO-525_Charlotte_Utting_EI_CU_ENQ-5286_A_01/Reads/CUB37DAY7_R0882-S0001_A68701_CUB37DAY7D11_H3VY5DRX2_ATGCGCAG-TAAGGCTC_L001_R1.fastq.gz,/ei/cb/development/lany/CB-GENANNO-525_Charlotte_Utting_EI_CU_ENQ-5286_A_01/Reads/CUB37DAY7_R0882-S0001_A68701_CUB37DAY7D11_H3VY5DRX2_ATGCGCAG-TAAGGCTC_L001_R2.fastq.gz
CUB37DAY7D12,/ei/cb/development/lany/CB-GENANNO-525_Charlotte_Utting_EI_CU_ENQ-5286_A_01/Reads/CUB37DAY7_R0882-S0001_A68701_CUB37DAY7D12_H3VY5DRX2_ATGCGCAG-TCGCATAA_L001_R1.fastq.gz,/ei/cb/development/lany/CB-GENANNO-525_Charlotte_Utting_EI_CU_ENQ-5286_A_01/Reads/CUB37DAY7_R0882-S0001_A68701_CUB37DAY7D12_H3VY5DRX2_ATGCGCAG-TCGCATAA_L001_R2.fastq.gz
CUB37DAY7D2,/ei/cb/development/lany/CB-GENANNO-525_Charlotte_Utting_EI_CU_ENQ-5286_A_01/Reads/CUB37DAY7_R0882-S0001_A68701_CUB37DAY7D2_H3VY5DRX2_TACGCTGC-ATAGCCTT_L001_R1.fastq.gz,/ei/cb/development/lany/CB-GENANNO-525_Charlotte_Utting_EI_CU_ENQ-5286_A_01/Reads/CUB37DAY7_R0882-S0001_A68701_CUB37DAY7D2_H3VY5DRX2_TACGCTGC-ATAGCCTT_L001_R2.fastq.gz
CUB37DAY7D3,/ei/cb/development/lany/CB-GENANNO-525_Charlotte_Utting_EI_CU_ENQ-5286_A_01/Reads/CUB37DAY7_R0882-S0001_A68701_CUB37DAY7D3_H3VY5DRX2_TACGCTGC-TAAGGCTC_L001_R1.fastq.gz,/ei/cb/development/lany/CB-GENANNO-525_Charlotte_Utting_EI_CU_ENQ-5286_A_01/Reads/CUB37DAY7_R0882-S0001_A68701_CUB37DAY7D3_H3VY5DRX2_TACGCTGC-TAAGGCTC_L001_R2.fastq.gz
CUB37DAY7D4,/ei/cb/development/lany/CB-GENANNO-525_Charlotte_Utting_EI_CU_ENQ-5286_A_01/Reads/CUB37DAY7_R0882-S0001_A68701_CUB37DAY7D4_H3VY5DRX2_TACGCTGC-TCGCATAA_L001_R1.fastq.gz,/ei/cb/development/lany/CB-GENANNO-525_Charlotte_Utting_EI_CU_ENQ-5286_A_01/Reads/CUB37DAY7_R0882-S0001_A68701_CUB37DAY7D4_H3VY5DRX2_TACGCTGC-TCGCATAA_L001_R2.fastq.gz
CUB37DAY7D5,/ei/cb/development/lany/CB-GENANNO-525_Charlotte_Utting_EI_CU_ENQ-5286_A_01/Reads/CUB37DAY7_R0882-S0001_A68701_CUB37DAY7D5_H3VY5DRX2_ATGCGCAG-CTAGTCGA_L001_R1.fastq.gz,/ei/cb/development/lany/CB-GENANNO-525_Charlotte_Utting_EI_CU_ENQ-5286_A_01/Reads/CUB37DAY7_R0882-S0001_A68701_CUB37DAY7D5_H3VY5DRX2_ATGCGCAG-CTAGTCGA_L001_R2.fastq.gz
CUB37DAY7D6,/ei/cb/development/lany/CB-GENANNO-525_Charlotte_Utting_EI_CU_ENQ-5286_A_01/Reads/CUB37DAY7_R0882-S0001_A68701_CUB37DAY7D6_H3VY5DRX2_ATGCGCAG-AGCTAGAA_L001_R1.fastq.gz,/ei/cb/development/lany/CB-GENANNO-525_Charlotte_Utting_EI_CU_ENQ-5286_A_01/Reads/CUB37DAY7_R0882-S0001_A68701_CUB37DAY7D6_H3VY5DRX2_ATGCGCAG-AGCTAGAA_L001_R2.fastq.gz
CUB37DAY7D7,/ei/cb/development/lany/CB-GENANNO-525_Charlotte_Utting_EI_CU_ENQ-5286_A_01/Reads/CUB37DAY7_R0882-S0001_A68701_CUB37DAY7D7_H3VY5DRX2_ATGCGCAG-ACTCTAGG_L001_R1.fastq.gz,/ei/cb/development/lany/CB-GENANNO-525_Charlotte_Utting_EI_CU_ENQ-5286_A_01/Reads/CUB37DAY7_R0882-S0001_A68701_CUB37DAY7D7_H3VY5DRX2_ATGCGCAG-ACTCTAGG_L001_R2.fastq.gz
CUB37DAY7D8,/ei/cb/development/lany/CB-GENANNO-525_Charlotte_Utting_EI_CU_ENQ-5286_A_01/Reads/CUB37DAY7_R0882-S0001_A68701_CUB37DAY7D8_H3VY5DRX2_ATGCGCAG-TCTTACGC_L001_R1.fastq.gz,/ei/cb/development/lany/CB-GENANNO-525_Charlotte_Utting_EI_CU_ENQ-5286_A_01/Reads/CUB37DAY7_R0882-S0001_A68701_CUB37DAY7D8_H3VY5DRX2_ATGCGCAG-TCTTACGC_L001_R2.fastq.gz
CUB37DAY7D9,/ei/cb/development/lany/CB-GENANNO-525_Charlotte_Utting_EI_CU_ENQ-5286_A_01/Reads/CUB37DAY7_R0882-S0001_A68701_CUB37DAY7D9_H3VY5DRX2_ATGCGCAG-CTTAATAG_L001_R1.fastq.gz,/ei/cb/development/lany/CB-GENANNO-525_Charlotte_Utting_EI_CU_ENQ-5286_A_01/Reads/CUB37DAY7_R0882-S0001_A68701_CUB37DAY7D9_H3VY5DRX2_ATGCGCAG-CTTAATAG_L001_R2.fastq.gz
CUB37DAY7E1,/ei/cb/development/lany/CB-GENANNO-525_Charlotte_Utting_EI_CU_ENQ-5286_A_01/Reads/CUB37DAY7_R0882-S0001_A68701_CUB37DAY7E1_H3VY5DRX2_TAGCGCTC-CTAGTCGA_L001_R1.fastq.gz,/ei/cb/development/lany/CB-GENANNO-525_Charlotte_Utting_EI_CU_ENQ-5286_A_01/Reads/CUB37DAY7_R0882-S0001_A68701_CUB37DAY7E1_H3VY5DRX2_TAGCGCTC-CTAGTCGA_L001_R2.fastq.gz
CUB37DAY7E10,/ei/cb/development/lany/CB-GENANNO-525_Charlotte_Utting_EI_CU_ENQ-5286_A_01/Reads/CUB37DAY7_R0882-S0001_A68701_CUB37DAY7E10_H3VY5DRX2_ACTGAGCG-AGCTAGAA_L001_R1.fastq.gz,/ei/cb/development/lany/CB-GENANNO-525_Charlotte_Utting_EI_CU_ENQ-5286_A_01/Reads/CUB37DAY7_R0882-S0001_A68701_CUB37DAY7E10_H3VY5DRX2_ACTGAGCG-AGCTAGAA_L001_R2.fastq.gz
CUB37DAY7E11,/ei/cb/development/lany/CB-GENANNO-525_Charlotte_Utting_EI_CU_ENQ-5286_A_01/Reads/CUB37DAY7_R0882-S0001_A68701_CUB37DAY7E11_H3VY5DRX2_ACTGAGCG-ACTCTAGG_L001_R1.fastq.gz,/ei/cb/development/lany/CB-GENANNO-525_Charlotte_Utting_EI_CU_ENQ-5286_A_01/Reads/CUB37DAY7_R0882-S0001_A68701_CUB37DAY7E11_H3VY5DRX2_ACTGAGCG-ACTCTAGG_L001_R2.fastq.gz
CUB37DAY7E12,/ei/cb/development/lany/CB-GENANNO-525_Charlotte_Utting_EI_CU_ENQ-5286_A_01/Reads/CUB37DAY7_R0882-S0001_A68701_CUB37DAY7E12_H3VY5DRX2_ACTGAGCG-TCTTACGC_L001_R1.fastq.gz,/ei/cb/development/lany/CB-GENANNO-525_Charlotte_Utting_EI_CU_ENQ-5286_A_01/Reads/CUB37DAY7_R0882-S0001_A68701_CUB37DAY7E12_H3VY5DRX2_ACTGAGCG-TCTTACGC_L001_R2.fastq.gz
CUB37DAY7E2,/ei/cb/development/lany/CB-GENANNO-525_Charlotte_Utting_EI_CU_ENQ-5286_A_01/Reads/CUB37DAY7_R0882-S0001_A68701_CUB37DAY7E2_H3VY5DRX2_TAGCGCTC-AGCTAGAA_L001_R1.fastq.gz,/ei/cb/development/lany/CB-GENANNO-525_Charlotte_Utting_EI_CU_ENQ-5286_A_01/Reads/CUB37DAY7_R0882-S0001_A68701_CUB37DAY7E2_H3VY5DRX2_TAGCGCTC-AGCTAGAA_L001_R2.fastq.gz
CUB37DAY7E3,/ei/cb/development/lany/CB-GENANNO-525_Charlotte_Utting_EI_CU_ENQ-5286_A_01/Reads/CUB37DAY7_R0882-S0001_A68701_CUB37DAY7E3_H3VY5DRX2_TAGCGCTC-ACTCTAGG_L001_R1.fastq.gz,/ei/cb/development/lany/CB-GENANNO-525_Charlotte_Utting_EI_CU_ENQ-5286_A_01/Reads/CUB37DAY7_R0882-S0001_A68701_CUB37DAY7E3_H3VY5DRX2_TAGCGCTC-ACTCTAGG_L001_R2.fastq.gz
CUB37DAY7E4,/ei/cb/development/lany/CB-GENANNO-525_Charlotte_Utting_EI_CU_ENQ-5286_A_01/Reads/CUB37DAY7_R0882-S0001_A68701_CUB37DAY7E4_H3VY5DRX2_TAGCGCTC-TCTTACGC_L001_R1.fastq.gz,/ei/cb/development/lany/CB-GENANNO-525_Charlotte_Utting_EI_CU_ENQ-5286_A_01/Reads/CUB37DAY7_R0882-S0001_A68701_CUB37DAY7E4_H3VY5DRX2_TAGCGCTC-TCTTACGC_L001_R2.fastq.gz
CUB37DAY7E5,/ei/cb/development/lany/CB-GENANNO-525_Charlotte_Utting_EI_CU_ENQ-5286_A_01/Reads/CUB37DAY7_R0882-S0001_A68701_CUB37DAY7E5_H3VY5DRX2_TAGCGCTC-CTTAATAG_L001_R1.fastq.gz,/ei/cb/development/lany/CB-GENANNO-525_Charlotte_Utting_EI_CU_ENQ-5286_A_01/Reads/CUB37DAY7_R0882-S0001_A68701_CUB37DAY7E5_H3VY5DRX2_TAGCGCTC-CTTAATAG_L001_R2.fastq.gz
CUB37DAY7E6,/ei/cb/development/lany/CB-GENANNO-525_Charlotte_Utting_EI_CU_ENQ-5286_A_01/Reads/CUB37DAY7_R0882-S0001_A68701_CUB37DAY7E6_H3VY5DRX2_TAGCGCTC-ATAGCCTT_L001_R1.fastq.gz,/ei/cb/development/lany/CB-GENANNO-525_Charlotte_Utting_EI_CU_ENQ-5286_A_01/Reads/CUB37DAY7_R0882-S0001_A68701_CUB37DAY7E6_H3VY5DRX2_TAGCGCTC-ATAGCCTT_L001_R2.fastq.gz
CUB37DAY7E7,/ei/cb/development/lany/CB-GENANNO-525_Charlotte_Utting_EI_CU_ENQ-5286_A_01/Reads/CUB37DAY7_R0882-S0001_A68701_CUB37DAY7E7_H3VY5DRX2_TAGCGCTC-TAAGGCTC_L001_R1.fastq.gz,/ei/cb/development/lany/CB-GENANNO-525_Charlotte_Utting_EI_CU_ENQ-5286_A_01/Reads/CUB37DAY7_R0882-S0001_A68701_CUB37DAY7E7_H3VY5DRX2_TAGCGCTC-TAAGGCTC_L001_R2.fastq.gz
CUB37DAY7E8,/ei/cb/development/lany/CB-GENANNO-525_Charlotte_Utting_EI_CU_ENQ-5286_A_01/Reads/CUB37DAY7_R0882-S0001_A68701_CUB37DAY7E8_H3VY5DRX2_TAGCGCTC-TCGCATAA_L001_R1.fastq.gz,/ei/cb/development/lany/CB-GENANNO-525_Charlotte_Utting_EI_CU_ENQ-5286_A_01/Reads/CUB37DAY7_R0882-S0001_A68701_CUB37DAY7E8_H3VY5DRX2_TAGCGCTC-TCGCATAA_L001_R2.fastq.gz
CUB37DAY7E9,/ei/cb/development/lany/CB-GENANNO-525_Charlotte_Utting_EI_CU_ENQ-5286_A_01/Reads/CUB37DAY7_R0882-S0001_A68701_CUB37DAY7E9_H3VY5DRX2_ACTGAGCG-CTAGTCGA_L001_R1.fastq.gz,/ei/cb/development/lany/CB-GENANNO-525_Charlotte_Utting_EI_CU_ENQ-5286_A_01/Reads/CUB37DAY7_R0882-S0001_A68701_CUB37DAY7E9_H3VY5DRX2_ACTGAGCG-CTAGTCGA_L001_R2.fastq.gz
CUB37DAY7F1,/ei/cb/development/lany/CB-GENANNO-525_Charlotte_Utting_EI_CU_ENQ-5286_A_01/Reads/CUB37DAY7_R0882-S0001_A68701_CUB37DAY7F1_H3VY5DRX2_ACTGAGCG-CTTAATAG_L001_R1.fastq.gz,/ei/cb/development/lany/CB-GENANNO-525_Charlotte_Utting_EI_CU_ENQ-5286_A_01/Reads/CUB37DAY7_R0882-S0001_A68701_CUB37DAY7F1_H3VY5DRX2_ACTGAGCG-CTTAATAG_L001_R2.fastq.gz
CUB37DAY7F10,/ei/cb/development/lany/CB-GENANNO-525_Charlotte_Utting_EI_CU_ENQ-5286_A_01/Reads/CUB37DAY7_R0882-S0001_A68701_CUB37DAY7F10_H3VY5DRX2_CCTAAGAC-ATAGCCTT_L001_R1.fastq.gz,/ei/cb/development/lany/CB-GENANNO-525_Charlotte_Utting_EI_CU_ENQ-5286_A_01/Reads/CUB37DAY7_R0882-S0001_A68701_CUB37DAY7F10_H3VY5DRX2_CCTAAGAC-ATAGCCTT_L001_R2.fastq.gz
CUB37DAY7F11,/ei/cb/development/lany/CB-GENANNO-525_Charlotte_Utting_EI_CU_ENQ-5286_A_01/Reads/CUB37DAY7_R0882-S0001_A68701_CUB37DAY7F11_H3VY5DRX2_CCTAAGAC-TAAGGCTC_L001_R1.fastq.gz,/ei/cb/development/lany/CB-GENANNO-525_Charlotte_Utting_EI_CU_ENQ-5286_A_01/Reads/CUB37DAY7_R0882-S0001_A68701_CUB37DAY7F11_H3VY5DRX2_CCTAAGAC-TAAGGCTC_L001_R2.fastq.gz
CUB37DAY7F12,/ei/cb/development/lany/CB-GENANNO-525_Charlotte_Utting_EI_CU_ENQ-5286_A_01/Reads/CUB37DAY7_R0882-S0001_A68701_CUB37DAY7F12_H3VY5DRX2_CCTAAGAC-TCGCATAA_L001_R1.fastq.gz,/ei/cb/development/lany/CB-GENANNO-525_Charlotte_Utting_EI_CU_ENQ-5286_A_01/Reads/CUB37DAY7_R0882-S0001_A68701_CUB37DAY7F12_H3VY5DRX2_CCTAAGAC-TCGCATAA_L001_R2.fastq.gz
CUB37DAY7F2,/ei/cb/development/lany/CB-GENANNO-525_Charlotte_Utting_EI_CU_ENQ-5286_A_01/Reads/CUB37DAY7_R0882-S0001_A68701_CUB37DAY7F2_H3VY5DRX2_ACTGAGCG-ATAGCCTT_L001_R1.fastq.gz,/ei/cb/development/lany/CB-GENANNO-525_Charlotte_Utting_EI_CU_ENQ-5286_A_01/Reads/CUB37DAY7_R0882-S0001_A68701_CUB37DAY7F2_H3VY5DRX2_ACTGAGCG-ATAGCCTT_L001_R2.fastq.gz
CUB37DAY7F3,/ei/cb/development/lany/CB-GENANNO-525_Charlotte_Utting_EI_CU_ENQ-5286_A_01/Reads/CUB37DAY7_R0882-S0001_A68701_CUB37DAY7F3_H3VY5DRX2_ACTGAGCG-TAAGGCTC_L001_R1.fastq.gz,/ei/cb/development/lany/CB-GENANNO-525_Charlotte_Utting_EI_CU_ENQ-5286_A_01/Reads/CUB37DAY7_R0882-S0001_A68701_CUB37DAY7F3_H3VY5DRX2_ACTGAGCG-TAAGGCTC_L001_R2.fastq.gz
CUB37DAY7F4,/ei/cb/development/lany/CB-GENANNO-525_Charlotte_Utting_EI_CU_ENQ-5286_A_01/Reads/CUB37DAY7_R0882-S0001_A68701_CUB37DAY7F4_H3VY5DRX2_ACTGAGCG-TCGCATAA_L001_R1.fastq.gz,/ei/cb/development/lany/CB-GENANNO-525_Charlotte_Utting_EI_CU_ENQ-5286_A_01/Reads/CUB37DAY7_R0882-S0001_A68701_CUB37DAY7F4_H3VY5DRX2_ACTGAGCG-TCGCATAA_L001_R2.fastq.gz
CUB37DAY7F5,/ei/cb/development/lany/CB-GENANNO-525_Charlotte_Utting_EI_CU_ENQ-5286_A_01/Reads/CUB37DAY7_R0882-S0001_A68701_CUB37DAY7F5_H3VY5DRX2_CCTAAGAC-CTAGTCGA_L001_R1.fastq.gz,/ei/cb/development/lany/CB-GENANNO-525_Charlotte_Utting_EI_CU_ENQ-5286_A_01/Reads/CUB37DAY7_R0882-S0001_A68701_CUB37DAY7F5_H3VY5DRX2_CCTAAGAC-CTAGTCGA_L001_R2.fastq.gz
CUB37DAY7F6,/ei/cb/development/lany/CB-GENANNO-525_Charlotte_Utting_EI_CU_ENQ-5286_A_01/Reads/CUB37DAY7_R0882-S0001_A68701_CUB37DAY7F6_H3VY5DRX2_CCTAAGAC-AGCTAGAA_L001_R1.fastq.gz,/ei/cb/development/lany/CB-GENANNO-525_Charlotte_Utting_EI_CU_ENQ-5286_A_01/Reads/CUB37DAY7_R0882-S0001_A68701_CUB37DAY7F6_H3VY5DRX2_CCTAAGAC-AGCTAGAA_L001_R2.fastq.gz
CUB37DAY7F7,/ei/cb/development/lany/CB-GENANNO-525_Charlotte_Utting_EI_CU_ENQ-5286_A_01/Reads/CUB37DAY7_R0882-S0001_A68701_CUB37DAY7F7_H3VY5DRX2_CCTAAGAC-ACTCTAGG_L001_R1.fastq.gz,/ei/cb/development/lany/CB-GENANNO-525_Charlotte_Utting_EI_CU_ENQ-5286_A_01/Reads/CUB37DAY7_R0882-S0001_A68701_CUB37DAY7F7_H3VY5DRX2_CCTAAGAC-ACTCTAGG_L001_R2.fastq.gz
CUB37DAY7F8,/ei/cb/development/lany/CB-GENANNO-525_Charlotte_Utting_EI_CU_ENQ-5286_A_01/Reads/CUB37DAY7_R0882-S0001_A68701_CUB37DAY7F8_H3VY5DRX2_CCTAAGAC-TCTTACGC_L001_R1.fastq.gz,/ei/cb/development/lany/CB-GENANNO-525_Charlotte_Utting_EI_CU_ENQ-5286_A_01/Reads/CUB37DAY7_R0882-S0001_A68701_CUB37DAY7F8_H3VY5DRX2_CCTAAGAC-TCTTACGC_L001_R2.fastq.gz
CUB37DAY7F9,/ei/cb/development/lany/CB-GENANNO-525_Charlotte_Utting_EI_CU_ENQ-5286_A_01/Reads/CUB37DAY7_R0882-S0001_A68701_CUB37DAY7F9_H3VY5DRX2_CCTAAGAC-CTTAATAG_L001_R1.fastq.gz,/ei/cb/development/lany/CB-GENANNO-525_Charlotte_Utting_EI_CU_ENQ-5286_A_01/Reads/CUB37DAY7_R0882-S0001_A68701_CUB37DAY7F9_H3VY5DRX2_CCTAAGAC-CTTAATAG_L001_R2.fastq.gz
CUB37DAY7G1,/ei/cb/development/lany/CB-GENANNO-525_Charlotte_Utting_EI_CU_ENQ-5286_A_01/Reads/CUB37DAY7_R0882-S0001_A68701_CUB37DAY7G1_H3VY5DRX2_CGATCAGT-CTAGTCGA_L001_R1.fastq.gz,/ei/cb/development/lany/CB-GENANNO-525_Charlotte_Utting_EI_CU_ENQ-5286_A_01/Reads/CUB37DAY7_R0882-S0001_A68701_CUB37DAY7G1_H3VY5DRX2_CGATCAGT-CTAGTCGA_L001_R2.fastq.gz
CUB37DAY7G10,/ei/cb/development/lany/CB-GENANNO-525_Charlotte_Utting_EI_CU_ENQ-5286_A_01/Reads/CUB37DAY7_R0882-S0001_A68701_CUB37DAY7G10_H3VY5DRX2_TGCAGCTA-AGCTAGAA_L001_R1.fastq.gz,/ei/cb/development/lany/CB-GENANNO-525_Charlotte_Utting_EI_CU_ENQ-5286_A_01/Reads/CUB37DAY7_R0882-S0001_A68701_CUB37DAY7G10_H3VY5DRX2_TGCAGCTA-AGCTAGAA_L001_R2.fastq.gz
CUB37DAY7G11,/ei/cb/development/lany/CB-GENANNO-525_Charlotte_Utting_EI_CU_ENQ-5286_A_01/Reads/CUB37DAY7_R0882-S0001_A68701_CUB37DAY7G11_H3VY5DRX2_TGCAGCTA-ACTCTAGG_L001_R1.fastq.gz,/ei/cb/development/lany/CB-GENANNO-525_Charlotte_Utting_EI_CU_ENQ-5286_A_01/Reads/CUB37DAY7_R0882-S0001_A68701_CUB37DAY7G11_H3VY5DRX2_TGCAGCTA-ACTCTAGG_L001_R2.fastq.gz
CUB37DAY7G12,/ei/cb/development/lany/CB-GENANNO-525_Charlotte_Utting_EI_CU_ENQ-5286_A_01/Reads/CUB37DAY7_R0882-S0001_A68701_CUB37DAY7G12_H3VY5DRX2_TGCAGCTA-TCTTACGC_L001_R1.fastq.gz,/ei/cb/development/lany/CB-GENANNO-525_Charlotte_Utting_EI_CU_ENQ-5286_A_01/Reads/CUB37DAY7_R0882-S0001_A68701_CUB37DAY7G12_H3VY5DRX2_TGCAGCTA-TCTTACGC_L001_R2.fastq.gz
CUB37DAY7G2,/ei/cb/development/lany/CB-GENANNO-525_Charlotte_Utting_EI_CU_ENQ-5286_A_01/Reads/CUB37DAY7_R0882-S0001_A68701_CUB37DAY7G2_H3VY5DRX2_CGATCAGT-AGCTAGAA_L001_R1.fastq.gz,/ei/cb/development/lany/CB-GENANNO-525_Charlotte_Utting_EI_CU_ENQ-5286_A_01/Reads/CUB37DAY7_R0882-S0001_A68701_CUB37DAY7G2_H3VY5DRX2_CGATCAGT-AGCTAGAA_L001_R2.fastq.gz
CUB37DAY7G3,/ei/cb/development/lany/CB-GENANNO-525_Charlotte_Utting_EI_CU_ENQ-5286_A_01/Reads/CUB37DAY7_R0882-S0001_A68701_CUB37DAY7G3_H3VY5DRX2_CGATCAGT-ACTCTAGG_L001_R1.fastq.gz,/ei/cb/development/lany/CB-GENANNO-525_Charlotte_Utting_EI_CU_ENQ-5286_A_01/Reads/CUB37DAY7_R0882-S0001_A68701_CUB37DAY7G3_H3VY5DRX2_CGATCAGT-ACTCTAGG_L001_R2.fastq.gz
CUB37DAY7G4,/ei/cb/development/lany/CB-GENANNO-525_Charlotte_Utting_EI_CU_ENQ-5286_A_01/Reads/CUB37DAY7_R0882-S0001_A68701_CUB37DAY7G4_H3VY5DRX2_CGATCAGT-TCTTACGC_L001_R1.fastq.gz,/ei/cb/development/lany/CB-GENANNO-525_Charlotte_Utting_EI_CU_ENQ-5286_A_01/Reads/CUB37DAY7_R0882-S0001_A68701_CUB37DAY7G4_H3VY5DRX2_CGATCAGT-TCTTACGC_L001_R2.fastq.gz
CUB37DAY7G5,/ei/cb/development/lany/CB-GENANNO-525_Charlotte_Utting_EI_CU_ENQ-5286_A_01/Reads/CUB37DAY7_R0882-S0001_A68701_CUB37DAY7G5_H3VY5DRX2_CGATCAGT-CTTAATAG_L001_R1.fastq.gz,/ei/cb/development/lany/CB-GENANNO-525_Charlotte_Utting_EI_CU_ENQ-5286_A_01/Reads/CUB37DAY7_R0882-S0001_A68701_CUB37DAY7G5_H3VY5DRX2_CGATCAGT-CTTAATAG_L001_R2.fastq.gz
CUB37DAY7G6,/ei/cb/development/lany/CB-GENANNO-525_Charlotte_Utting_EI_CU_ENQ-5286_A_01/Reads/CUB37DAY7_R0882-S0001_A68701_CUB37DAY7G6_H3VY5DRX2_CGATCAGT-ATAGCCTT_L001_R1.fastq.gz,/ei/cb/development/lany/CB-GENANNO-525_Charlotte_Utting_EI_CU_ENQ-5286_A_01/Reads/CUB37DAY7_R0882-S0001_A68701_CUB37DAY7G6_H3VY5DRX2_CGATCAGT-ATAGCCTT_L001_R2.fastq.gz
CUB37DAY7G7,/ei/cb/development/lany/CB-GENANNO-525_Charlotte_Utting_EI_CU_ENQ-5286_A_01/Reads/CUB37DAY7_R0882-S0001_A68701_CUB37DAY7G7_H3VY5DRX2_CGATCAGT-TAAGGCTC_L001_R1.fastq.gz,/ei/cb/development/lany/CB-GENANNO-525_Charlotte_Utting_EI_CU_ENQ-5286_A_01/Reads/CUB37DAY7_R0882-S0001_A68701_CUB37DAY7G7_H3VY5DRX2_CGATCAGT-TAAGGCTC_L001_R2.fastq.gz
CUB37DAY7G8,/ei/cb/development/lany/CB-GENANNO-525_Charlotte_Utting_EI_CU_ENQ-5286_A_01/Reads/CUB37DAY7_R0882-S0001_A68701_CUB37DAY7G8_H3VY5DRX2_CGATCAGT-TCGCATAA_L001_R1.fastq.gz,/ei/cb/development/lany/CB-GENANNO-525_Charlotte_Utting_EI_CU_ENQ-5286_A_01/Reads/CUB37DAY7_R0882-S0001_A68701_CUB37DAY7G8_H3VY5DRX2_CGATCAGT-TCGCATAA_L001_R2.fastq.gz
CUB37DAY7G9,/ei/cb/development/lany/CB-GENANNO-525_Charlotte_Utting_EI_CU_ENQ-5286_A_01/Reads/CUB37DAY7_R0882-S0001_A68701_CUB37DAY7G9_H3VY5DRX2_TGCAGCTA-CTAGTCGA_L001_R1.fastq.gz,/ei/cb/development/lany/CB-GENANNO-525_Charlotte_Utting_EI_CU_ENQ-5286_A_01/Reads/CUB37DAY7_R0882-S0001_A68701_CUB37DAY7G9_H3VY5DRX2_TGCAGCTA-CTAGTCGA_L001_R2.fastq.gz
CUB37DAY7H1,/ei/cb/development/lany/CB-GENANNO-525_Charlotte_Utting_EI_CU_ENQ-5286_A_01/Reads/CUB37DAY7_R0882-S0001_A68701_CUB37DAY7H1_H3VY5DRX2_TGCAGCTA-CTTAATAG_L001_R1.fastq.gz,/ei/cb/development/lany/CB-GENANNO-525_Charlotte_Utting_EI_CU_ENQ-5286_A_01/Reads/CUB37DAY7_R0882-S0001_A68701_CUB37DAY7H1_H3VY5DRX2_TGCAGCTA-CTTAATAG_L001_R2.fastq.gz
CUB37DAY7H10,/ei/cb/development/lany/CB-GENANNO-525_Charlotte_Utting_EI_CU_ENQ-5286_A_01/Reads/CUB37DAY7_R0882-S0001_A68701_CUB37DAY7H10_H3VY5DRX2_TCGACGTC-ATAGCCTT_L001_R1.fastq.gz,/ei/cb/development/lany/CB-GENANNO-525_Charlotte_Utting_EI_CU_ENQ-5286_A_01/Reads/CUB37DAY7_R0882-S0001_A68701_CUB37DAY7H10_H3VY5DRX2_TCGACGTC-ATAGCCTT_L001_R2.fastq.gz
CUB37DAY7H11,/ei/cb/development/lany/CB-GENANNO-525_Charlotte_Utting_EI_CU_ENQ-5286_A_01/Reads/CUB37DAY7_R0882-S0001_A68701_CUB37DAY7H11_H3VY5DRX2_TCGACGTC-TAAGGCTC_L001_R1.fastq.gz,/ei/cb/development/lany/CB-GENANNO-525_Charlotte_Utting_EI_CU_ENQ-5286_A_01/Reads/CUB37DAY7_R0882-S0001_A68701_CUB37DAY7H11_H3VY5DRX2_TCGACGTC-TAAGGCTC_L001_R2.fastq.gz
CUB37DAY7H12,/ei/cb/development/lany/CB-GENANNO-525_Charlotte_Utting_EI_CU_ENQ-5286_A_01/Reads/CUB37DAY7_R0882-S0001_A68701_CUB37DAY7H12_H3VY5DRX2_TCGACGTC-TCGCATAA_L001_R1.fastq.gz,/ei/cb/development/lany/CB-GENANNO-525_Charlotte_Utting_EI_CU_ENQ-5286_A_01/Reads/CUB37DAY7_R0882-S0001_A68701_CUB37DAY7H12_H3VY5DRX2_TCGACGTC-TCGCATAA_L001_R2.fastq.gz
CUB37DAY7H2,/ei/cb/development/lany/CB-GENANNO-525_Charlotte_Utting_EI_CU_ENQ-5286_A_01/Reads/CUB37DAY7_R0882-S0001_A68701_CUB37DAY7H2_H3VY5DRX2_TGCAGCTA-ATAGCCTT_L001_R1.fastq.gz,/ei/cb/development/lany/CB-GENANNO-525_Charlotte_Utting_EI_CU_ENQ-5286_A_01/Reads/CUB37DAY7_R0882-S0001_A68701_CUB37DAY7H2_H3VY5DRX2_TGCAGCTA-ATAGCCTT_L001_R2.fastq.gz
CUB37DAY7H3,/ei/cb/development/lany/CB-GENANNO-525_Charlotte_Utting_EI_CU_ENQ-5286_A_01/Reads/CUB37DAY7_R0882-S0001_A68701_CUB37DAY7H3_H3VY5DRX2_TGCAGCTA-TAAGGCTC_L001_R1.fastq.gz,/ei/cb/development/lany/CB-GENANNO-525_Charlotte_Utting_EI_CU_ENQ-5286_A_01/Reads/CUB37DAY7_R0882-S0001_A68701_CUB37DAY7H3_H3VY5DRX2_TGCAGCTA-TAAGGCTC_L001_R2.fastq.gz
CUB37DAY7H4,/ei/cb/development/lany/CB-GENANNO-525_Charlotte_Utting_EI_CU_ENQ-5286_A_01/Reads/CUB37DAY7_R0882-S0001_A68701_CUB37DAY7H4_H3VY5DRX2_TGCAGCTA-TCGCATAA_L001_R1.fastq.gz,/ei/cb/development/lany/CB-GENANNO-525_Charlotte_Utting_EI_CU_ENQ-5286_A_01/Reads/CUB37DAY7_R0882-S0001_A68701_CUB37DAY7H4_H3VY5DRX2_TGCAGCTA-TCGCATAA_L001_R2.fastq.gz
CUB37DAY7H5,/ei/cb/development/lany/CB-GENANNO-525_Charlotte_Utting_EI_CU_ENQ-5286_A_01/Reads/CUB37DAY7_R0882-S0001_A68701_CUB37DAY7H5_H3VY5DRX2_TCGACGTC-CTAGTCGA_L001_R1.fastq.gz,/ei/cb/development/lany/CB-GENANNO-525_Charlotte_Utting_EI_CU_ENQ-5286_A_01/Reads/CUB37DAY7_R0882-S0001_A68701_CUB37DAY7H5_H3VY5DRX2_TCGACGTC-CTAGTCGA_L001_R2.fastq.gz
CUB37DAY7H6,/ei/cb/development/lany/CB-GENANNO-525_Charlotte_Utting_EI_CU_ENQ-5286_A_01/Reads/CUB37DAY7_R0882-S0001_A68701_CUB37DAY7H6_H3VY5DRX2_TCGACGTC-AGCTAGAA_L001_R1.fastq.gz,/ei/cb/development/lany/CB-GENANNO-525_Charlotte_Utting_EI_CU_ENQ-5286_A_01/Reads/CUB37DAY7_R0882-S0001_A68701_CUB37DAY7H6_H3VY5DRX2_TCGACGTC-AGCTAGAA_L001_R2.fastq.gz
CUB37DAY7H7,,
CUB37DAY7H8,/ei/cb/development/lany/CB-GENANNO-525_Charlotte_Utting_EI_CU_ENQ-5286_A_01/Reads/CUB37DAY7_R0882-S0001_A68701_CUB37DAY7H8_H3VY5DRX2_TCGACGTC-TCTTACGC_L001_R1.fastq.gz,/ei/cb/development/lany/CB-GENANNO-525_Charlotte_Utting_EI_CU_ENQ-5286_A_01/Reads/CUB37DAY7_R0882-S0001_A68701_CUB37DAY7H8_H3VY5DRX2_TCGACGTC-TCTTACGC_L001_R2.fastq.gz
CUB37DAY7H9,/ei/cb/development/lany/CB-GENANNO-525_Charlotte_Utting_EI_CU_ENQ-5286_A_01/Reads/CUB37DAY7_R0882-S0001_A68701_CUB37DAY7H9_H3VY5DRX2_TCGACGTC-CTTAATAG_L001_R1.fastq.gz,/ei/cb/development/lany/CB-GENANNO-525_Charlotte_Utting_EI_CU_ENQ-5286_A_01/Reads/CUB37DAY7_R0882-S0001_A68701_CUB37DAY7H9_H3VY5DRX2_TCGACGTC-CTTAATAG_L001_R2.fastq.gz
